"code","name","address","phone","email","contact_name","contact_phone","payment_method_id","departament_id","town_id","prefix_origin","employee_id"
"CON-1","GENEMEDIC","7 CALLE 34-78 COL TIKAL 2 ZONA 7 GUATEMALA","2433-9089","","","","2","1","1","","4"
"XCO-2","ALMACEN EMMA","20 CALLE 3-83 ZONA 1 GUATEMALA","2253-2602","","","","1","1","1","","4"
"XCO-3","ILUMINACION CONTINENTAL","EL CORITJO 1 ZONA 12 CALZ ATANASIO TZUL","2411-4800","","","","1","1","1","","4"
"XCO-5","LABORATORIO DENTAL MONTOYA","13 CALLE 4-56 ZONA 1 GUATEMALA","2232-0453","","","","1","1","1","","4"
"XCO-6","INVADEN","CALZ SAN JUAN 40-05 ZONA 7 COL NUEVA MONSERRAT","2432-6588","","","","1","1","1","","4"
"XCO-7","ALMACEN EL GALLITO","19 CALLE 3-11 ZONA 1 GUATEMALA","2232-7116","","","","1","1","1","","4"
"XCO-12","IMPORTADORA CANDY","2 AV 17-14 ZONA 1 GUATEMALA","2238-1680","","","","1","1","1","","4"
"PRE-13","ALMACENES CHANG Y CIA","9 AV 8-52 ZONA 1 GUATEMALA","2232-8666","","","","4","1","1","","1"
"GUA-14","DROGUERIA BIOTHICAL S,A.","CALZ ATANASIO TZUL 19-97 CORTIJO EMPRESARIAL 1 BOD 203 ZONA 12","2214-4710","","","","3","1","1","","4"
"GUA-15","DROMEDIC, S.A.","6 TA CALLE  2-12 ZONA 1","2221-0582 // 2220-7792","","TELMA ABAC","","3","1","1","","4"
"XEL-16","COMERCIAL DE EDICIONES / MARTIN SOLARES","28 AV A 13-23 ZONA 7 QUETZALTENANGO COL LOS TRIGALES","77672723","","","","3","1","1","","4"
"GUA-18","DROGUERIA REFASA S,A.","2 CALLE 3-75 ZONA 1","2222-9595","","BEATRIZ MORENTE","","3","1","1","","4"
"GUA-19","MARKETING ARM GUATEMALA S,A.","27AV 7-25 ZONA 4 MIXCO EL NARANJO DISTRIBODEGAS 2 BODEGA B-17","2324-2525","","MISHEL MENDEZ","","3","1","1","","4"
"GUA-22","IMPORTACIONES ABU S,A.","5 CALLE 9-48 ZONA 1 2DO NIVEL LOCAL A-2","2225-0808  5516-4525","","LUIS FERNANDO ABULARACEN","","3","1","1","","3"
"XCO-24","UNIREFRI","7 AV 20-23 ZONA 1 GUATEMALA","2220-6434","","","","1","1","1","","4"
"XCO-25","PRO-MOTO S,A.","VILLA NUEVA, GUATEMALA","6665-5550","","","","1","1","1","","4"
"GUA-26","PRO-MOTO S,A.","VILLA NUEVA, GUATEMALA","6665-5550","","","","3","1","1","","4"
"XCO-29","HIVISA","BLV EL NARANJO 28-98 ZONA 4 MIXCO, GUATEMALA","2317-6360","","","","1","1","1","","4"
"XCO-30","CASA DE LOS RODAMIENTOS","CALLE MART╠ 11-28 ZONA 2 GUATEMALA","2254-2171","","","","1","1","1","","4"
"XCO-31","ALMACEN YAM GUANTIN","3 AV 20-24 ZONA 1","4522-5996","","","","1","1","1","","4"
"XCO-32","INVERSIONES ASIATICAS GUATEMALA S,A.","0 AV BOD 207 23-13 ZONA 17 GUATEMALA","2313-0926","","","","1","1","1","","3"
"GUA-33","TECNOLOGIA EN LUBRICANTES S,A.","8 AV 30-80 ZONA 11 COLONIA GRANAI II","2315-3400","","","","3","1","1","","4"
"XCO-34","DIFORZA INTERNATIONAL ,S.A","35 AV 26-31 ZONA 5 COLONIA VIVIBIEN, GUATEMALA","2412-8383","","","","1","1","1","","4"
"XCO-36","F.P.K. S,A.","5 CALLE 6-75 ZONA 9","23247363","","","","1","1","1","","4"
"GUA-37","ATLANTICA AGRICOLA DE GUATEMALA","AMATITLAN KM 28.5 CARRETERA CA-09, DISTRIPARK CENTRO LOG═STICO BODEGA 18 SE","66314167","","","","3","1","1","","2"
"CHI-38","INVERSIONES SAESNOR DE GUATEMALA// WILBER ESPINO","8 AV  CALZ 2 HECTOR 9-99 ZONA 2 CHIQUIMULA","","","","","3","1","1","","4"
"XCO-40","IMPORTACIONES RIVAS","1 CALLE 3-31 ZONA 1 VILLA NUEVA, GUATEMALA","56980184    30938561","","","","1","1","1","","4"
"GUA-41","PRODUCCIONES METTA INTERNACIONAL S,A.","3 AV 25-00 ZONA 2 INTERIOR FINCA EL ZAPOTE","25056800","","","","3","1","1","","4"
"XCO-42","INVERSIONES OLMALAX S,A.","CALZADA SAN JUAN 32-49 ZONA 7 BODEGA 2 MIXCO, GUATEMALA","2502-7474","","","","1","1","1","","4"
"GUA-43","COMPAÐIA DE EQUIPO MEDICO HOSPITALARIO S,A.","2 CALLE 4-08 ZONA 10 CIUDAD CAPITAL","","","","","3","1","1","","4"
"GUA-44","SDCB (CHAMPION BOX)","7 CALLE 14-22 ZONA 11 COLONIA CARABANCHEL, CIUDAD CAPITAL","2472-8407    5512-0102","","","","3","1","1","","3"
"XCO-45","SDCB (CHAMPION BOX)","7 CALLE 14-22 ZONA 11 COLONIA CARABANCHEL, CIUDAD CAPITAL","2472-8407  5512-0102","","","","1","1","1","","3"
"XCO-46","PAZ EDITORES","AVENIDA PETAPA 22-29 ZONA 12 C.C. SUR LOCAL 6","2476-0050","","","","1","1","1","","4"
"CON-47","PAZ EDITORES","AV PETAPA 22-29 ZONA 12 C.C. SUR LOCAL 6","2476-0050","","","","2","1","1","","4"
"GUA-48","EDITORA DE TEXTOS","2 CALLE 21-66 ZONA 15 V.H. 2 PLAZA 21","2251-1229    5206-5231","","","","3","1","1","","4"
"GUA-6864","COMERCIALIZADORA AUTOMOTRIZ J.A. VASQUEZ","5 CALLE 1-02 ZONA 13","2473-1574","","","","3","1","1","","4"
"XCO-8569","ALMACEN SUPER KISS","17 CALLE 6-15 ZONA 1 GUATEMALA","22537208","","","","1","1","1","","4"
"XCO-6865","COMERCIALIZADORA AUTOMOTRIZ J.A. VASQUEZ","2 CALLE 1-02 ZONA 13","2473-1574","","","","1","1","1","","4"
"GUA-50","TELAS LAFAYETTE DE GUATEMALA S,A.","20 CALLE 26-30 ZONA 10, CIUDAD CAPITAL","2318-0200","","","","3","1","1","","4"
"CON-52","GAMAR S,A.","MANZANA G 1 SECTOR 1 LOTE 13 ZONA 18 RESIDENCIALES LOS OLIVOS","22604611  53011455","","","","2","1","1","","4"
"XCO-53","GAMAR S,A.","MANZANA G 1 SECTOR 1 LOTE 13 ZONA 18 RESIDENCIALES LOS OLIVOS","22604611   53011455","","","","1","1","1","","4"
"CON-54","DACEMA","LOTE 12 MANZANA E ZONA 18 SEC 1 VALLE DE JESUS","40280444","","","","2","1","1","","4"
"XCO-55","DACEMA","LOTE 12 MANZANA E ZONA 18 SEC 1 CALLE DE JESUS","40280444","","","","1","1","1","","4"
"XEL-56","PROMOCIONES Y VENTAS DE OCCIDENTE","11AV B 0-122 ZONA 9 LOS CEREZOS 2, QUETZALTENANGO","7926-7487","","ESTERFINA DEL CARMEN MONZON BARRIOS","","3","1","1","","4"
"GUA-58","DALISH","3AV 13-74 COL EL ROSARIO ZONA 3 MIXCO OFIBODEGA BODASA BODEGA 7","22088600","","","","3","1","1","","4"
"XCO-59","DALISH","3AV 13-74 COL EL ROSARIO ZONA 3 MIXCO OFIBODEGA BODASA BOD 7","22088600","","","","1","1","1","","4"
"XCO-57","HIPER TELAS","8 CALLE 10-21 ZONA 1","22008000","","","","1","1","1","","4"
"GUA-60","CONTINENTAL DE EDICIONES","11 CALLE 10-50 ZONA 1 CIUDAD DE GUATEMALA","2316-223","","","","3","1","1","","4"
"XCO-61","QUINILLA","CIUDAD DE GUATEMALA","53167814","","","","1","1","1","","3"
"XCO-62","HINESA, HIDRAULICA Y NEUMATICA S,A.","AV PETAPA 29-32 ZONA 12, GUATEMALA","22235696","","","","1","1","1","","4"
"XCO-63","CORPORACION ABINSA","AV PETAPA 29-42 ZONA 12","22235656","","","","1","1","1","","4"
"XCO-64","AUTOHAUS","10AVENIDA 33-40  ZONA 11 COL. LAS CHARCAS","24983535","","","","1","1","1","","4"
"XCO-65","SERVI-REPUESTOS S,A.","C.C. ATANASIO TZUL LOCAL 149 ZONA 12","24776935","","","","1","1","1","","4"
"XCO-66","INNOVA MOTORS","AV PETAPA 29-24 ZONA 12","24424848","","","","1","1","1","","4"
"XCO-67","AUDIO MARCAS S,A.","45 CALLE 16-47 ZONA 12 BOD 12, GUATEMALA","23127272","","","","1","1","1","","4"
"XEL-68","LA LIBRERIA.COM// VICTOR HUGO MORALES","22 AV   3-51  ZONA 3 EDIF. EUROPA 1 ER NIVEL, QUETZALTENANGO","77650153 - 58256707","","","","3","1","1","","4"
"GUA-69","KLIMP AMERICA","15 AV  6-51  ZONA 11 COL. CARABANCHEL","2214-3030","","","","3","1","1","","4"
"PRE-71","CALZADO RANDALL","TOTONICAPAN","4399-7201","","EDGAR GUTIERREZ","","4","1","1","","3"
"GUA-72","COMERCIALIZADORA SUMISA","CALZ ROOSEVELTH 7-38 ZONA 11 COL EL TESORO MIXCO, GUATEMALA","22930096","","","","3","1","1","","4"
"XCO-73","RODHERSA","33 AV 3-17  ZONA 4 MIXCO BOSQUES DE SAN NICOLAS, GUATEMALA","24360351","","","","1","1","1","","4"
"MAZ-74","SURTIPLAST","2AV  8-73 ZONA 1 MAZATENANGO","78822960","","","","3","1","1","","4"
"GUA-75","INDUSTRIAS DE PRODUCTOS Y SERVICIOS S,A. (VENTAS)","17AV 49-6+0  ZONA 12, GUATEMALA","23806950","","","","3","1","1","","4"
"GUA-76","MAYA¿B","11 AV 24-71 ZONA 12 APTO B COL REFORMITA, GUATEMALA","2476-8257","","","","3","1","1","","4"
"XCO-77","IMPORTACIONES CRESGO S,A.","CALZ LA PAZ 18-40 ZONA 5, OFIBODEGAS CENTRO 5 BOD 18","22108000","","","","1","1","1","","4"
"CON-78","INDUSTRIAS DEL COLOR S,A.","10 AV 2505 ZONA 13","24981616","","","","2","1","1","","4"
"CON-79","MYTEC","3 AV  10-90 ZONA 9, GUATEMALA","23036161","","","","2","1","1","","4"
"XCO-80","MYTEC","3 AV 10-90  ZONA 9, GUATEMALA","23036161","","","","1","1","1","","4"
"XCO-81","MULTINEGOCIOS GENERALES S,A.","CALZ AGUILAR BATRES 34-77 ZONA 12 C.C. LA CORUÐA BODEGA 4","23141515","","","","1","1","1","","1"
"XCO-83","TORNILLOS BISAURI S,A.","6 AVE 6-40 ZONA 4","2331-6938","","","","1","1","1","","4"
"XCO-84","PRO PARTS","6 AVE 2-16 ZONA 9","2324-4141","","","","1","1","1","","4"
"XCO-85","AUTO REPUESTOS 911","4 CALLE 0-20  ZONA 9, CIUDAD","23320143","","","","1","1","1","","4"
"XCO-87","SOLPRO","9 AV 3-48  ZONA 4","23179000","","","","1","1","1","","2"
"XCO-89","BODECO","BLVD EL NARANJO 28-98 ZONA 3 MIXCO, BOD 2","25058905","","","","1","1","1","","4"
"GUA-88","MARCAS MUNDIALES, S,A.","2 CALLE 1-96 ZONA 8 BRISAS DE GERONA, SAN MIGUEL PETAPA","23108282","","","","3","1","1","","4"
"XCO-90","MO AUTO (CAMPO MARTE)","1 CALLE  2-81  ZONA 10 ESQUINA CAMPO MARTE","2381-5555","","","","1","1","1","","4"
"XCO-91","MO AUTO (PROCERES)","18 CALLE  10-23  ZONA 10","23815353","","","","1","1","1","","4"
"XCO-92","MO AUTO (ZONA 9)","4 CALLE 5-17  ZONA 9","2381-5252","","","","1","1","1","","4"
"XCO-93","MO AUTO (CARROS)","4 CALLE 5-36  ZONA 9","2381-5252","","","","1","1","1","","4"
"XCO-94","ALMELSA S,A.","KM  19.5 CARR AL PACIFICO COMPLEJO BOD VILLA NUEVA BOD 8","2300-2100","","","","1","1","1","","4"
"CON-95","ALMELSA ,S.A","KM 19.5 CARR AL PACIFICO COMPLENO BODEGAS VILLA NUEVA BOD 8","2300-2100","","","","2","1","1","","4"
"XCO-96","IMEXA S,A.","15AV 12-08 ZONA 6","22543257","","","","1","1","1","","4"
"CON-97","IMEXA S,A.","15AV 12-08 ZONA 6","2254-3257","","","","2","1","1","","4"
"XCO-98","FLECHAS ALVAREZ ,S.A","35CALLE  10-24  ZONA 8","30317833","","","","1","1","1","","4"
"CON-99","FLECHAS ALVAREZ S,A.","35 CALLE 10-24  ZONA 8","30317833","","","","2","1","1","","4"
"XCO-100","EIKO S,A.","27 CALLE 2-75 ZONA 6 DE MIXCO, GUATEMALA","2431-5434","","","","1","1","1","","4"
"CON-102","LLANTAS TOTAL S,A.","28 CALLE B 8-20 ZONA 8","2503-1515","","","","2","1","1","","4"
"XCO-103","REFACCIONARIA SAN CARLOS","29 CALLE 5-90 ZONA 12","2243-1700","","","","1","1","1","","4"
"CON-104","REFACCIONARIA SAN CARLOS","29 CALLE  5-90  ZONA 12","2243-1700","","","","2","1","1","","4"
"XCO-105","REPASA","0AV 23-13 ZONA 17 CALZ LA PAZ CENTRO DE NEGOCIOS LA PAZ OFIBOD402","2382-9700","","","","1","1","1","","4"
"CON-106","REPASA","0AV 23-13 ZONA 17 CALZ LA PAZ CENTRO DE NEGOCIOS LA PAZ OFIBOD 402","2382-9700","","","","2","1","1","","4"
"CON-108","VITATRAC S,A.","CALZ ROOSEVELTH 36-59 ZON 11","2323-6000","","","","2","1","1","","1"
"XCO-109","DIMAPA","2AV  4-06 ZONA 3 COL ULISES ROJAS VILLA NUEVA","6610-2773","","","","1","1","1","","4"
"CON-110","DIMAPA","2AV 4-06 ZONA 3 COL ULISES ROJAS, VILLA NUEVA","6610-2773","","","","2","1","1","","4"
"XCO-111","EMOTION INTERNATIONAL COMPANY S,A.","CARR AMATITLAN ZONA 11 COL CASTAÐAS VILLA NUEVA","2477-3550","","","","1","1","1","","4"
"CON-112","EMOTION INTERNATIONAL COMPANY S,A.","KM 11.5 CARR AMATITLAN ZONA 11 COL CASTAÐAS, VILLA NUEVA","2477-3550","","","","2","1","1","","4"
"XCO-113","TECNIAGRO INDUSTRIAL","LOTE 9 SEC F PARQUE DE LA INDUSTRIA KM 34.5 PALIN, ESCUINTLA","5329-9313","","","","1","1","1","","4"
"CON-114","TECNIAGRO INDUSTRIAL","LOTE 9 SEC F PARQUE DE LA INDUSTRIA KM 345 PALIN, ESCUINTLA","5329-9313","","","","2","1","1","","4"
"XCO-115","GMP INTERNACIONAL S,A.","AV PETAPA 25-25 BO 10 ZONA 12","2387-0909","","","","1","1","1","","4"
"CON-116","GMP INTERNACIONAL","AV PETAPA 25-25 BOD 10 ZONA 12","2387-0909","","","","2","1","1","","4"
"CON-120","EIKO S,A.","27 CALLE 2-75 ZONA 6 DE MIXCO, GUATEMALA","2431-5434","","","","2","1","1","","4"
"XCO-121","IMRECAR","8 CALLE A 15-16 RESI TERRANOVA ZONA 6 DE VILLA NUEVA","56113342","","","","1","1","1","","4"
"CON-122","IMRECAR","8 CALLE A 15-16 RESI TERRANOVA ZONA 6 VILLA NUEVA","56113342","","","","2","1","1","","4"
"XCO-123","ALMACEN LA ECONOMICA","8 CALLE 10-53  ZONA 1, GUATEMALA","2312-000","","","","1","1","1","","4"
"CON-124","ALMACEN LA ECONOMICA","8 CALLE 10-53 ZONA 1. GUATEMALA","2312-0000","","","","2","1","1","","4"
"XCO-101","LLANTAS TOTAL S,A.","28 CALLE B 8-20 ZONA 8, GUATEMALA","2503-1515","","","","1","1","1","","4"
"XCO-117","COMERCIALIZADORA OM","CALLE ACEITUNO LOTE 7 ZONA 17 GUATEMALA GUATEMALA","3053-8521","","","","1","1","1","","4"
"CON-118","COMERCIALIZADORA OM","CALLE ACEITUNO LOTE 7 ZONA 17 GUATEMALA GUATEMALA","3053-8521","","","","2","1","1","","4"
"XCO-119","INDUPARTS ,S.A","CALZ AGUILAR BATRES 45-32 ZONA 11, GUATEMALA","2423-8400","","","","1","1","1","","4"
"CON-127","INDUPARTS S,A.","CALZ AGUILAR BATRES 45-32 ZONA 11, GUATEMALA","2423-8400","","","","2","1","1","","4"
"XCO-128","AUTO SERVICIOS EL VIAJERO ,S.A","7AV 27-22 ZONA 8, GUATEMALA","2428-6100","","","","1","1","1","","4"
"CON-129","AUTO SERVICIOS EL VIAJERO S,A.","7AV 27-22 ZONA 8, GUATEMALA","2428-6100","","","","2","1","1","","4"
"XCO-130","GIRK S,A.","CALZ ATANASIO TZUL 22-00 CONRTIJO 2 BOD 204 ZONA 12","2462-6349","","","","1","1","1","","4"
"CON-131","GIRK S,A.","CALZ ATANASIO TZUL 22-00 CORTIJO 2 BOD 204, ZONA 12","2462-6349","","","","2","1","1","","4"
"XCO-132","NUTRIRECIPIENTES ,S.A","8 CALLE 6-33 ZONA 4, GUATEMALA","2429-7000","","","","1","1","1","","4"
"CON-133","NUTRIRECIPIENTES ,S.A","8 CALLE 6-33 ZONA 4, GUATEMALA","2429-7000","","","","2","1","1","","4"
"XCO-134","EBULLIENT INTERNACIONAL S,A.","27AV 7-14 ZONA 4 DE MIXCO EL NARANJO, GUATEMALA","2269-0043","","","","1","1","1","","4"
"CON-135","EBULLIENT INTERNACIONAL S,A.","27AV 7-14 ZONA 4 DE MIXCO EL NARANJO, GUATEMALA","2269-0043","","","","2","1","1","","4"
"XCO-136","AUTO PARTES DE GUATEMALA S,A.","6AV 3-25 ZONA 9, GUATEMALA","2423-4723","","","","1","1","1","","4"
"CON-137","AUTO PARTES DE GUATEMALA S,A.","6AV  3-25 ZONA 9, GUATEMALA","2423-4723","","","","2","1","1","","4"
"XCO-138","SOLARSA","3AV 5-05 ZONA 9, GUATEMALA","2360-2035","","","","1","1","1","","4"
"CON-139","SOLARSA","3 AV 5-05 ZONA 9, GUATEMALA","2360-2035","","","","2","1","1","","4"
"XCO-140","DISIM","CALZ AGUILAR BATRES 7-61 ZONA 11, CIUDAD CAPITAL","2505-8310","","","","1","1","1","","4"
"XCO-141","AEC REPUESTOS","ANILLO PERIFERICO 18-69 ZONA 11","2214-6999","","","","1","1","1","","4"
"XCO-142","SERVIPARTES","LOTE 38 MANZ E COL VILLAS DEL ROSARIO ZONA 4 MIXCO, GUATEMALA","2431-2596","","","","1","1","1","","4"
"XCO-143","SUZUKI S,A.","6AV 6-85 ZONA 4 CIUDAD CAPITAL","23316321","","","","1","1","1","","4"
"XCO-146","TECNIDESA","CALZ ATANASIO TZUL CORTIJO 2, BOD 311","2442-7013","","","","1","1","1","","4"
"XCO-147","GIRK, S,A.","CALZ ATANASIO TZUL 22-00 ZONA 12, EL CORTIJO 2 BOD 204 Y 309","2476-9709","","","","1","1","1","","4"
"XCO-148","A.E.C REPUESTOS S,A.","ANILLO PERIFERICO 18-37 ZONA 11","2472-7794","","","","1","1","1","","4"
"XCO-149","IMPORTACIONES CRESGO, S,A.","23 AVENIDA INTERCONEXIËN NARANJO-MINERVAS 12-91 ZONA 4 DE MIXCO, GUATEMALA.","41996811","","JEFTHE RIVAS","","1","1","1","","3"
"XCO-150","TECNOLOGIA DELTA","13 CALLE 1-51 ZONA 10 TORRE 2 SANTA CLARA OFI. 23","2361-2536","","","","1","1","1","","4"
"XCX-144","FERROMAQUINAS","DIAGONAL  7-46 ZONA 5 QUETZALTENANGO","","","","","1","1","1","","3"
"XCX-145","CENTRO FRENERO","7AV  10-69  ZONA 5 QUETZALTENANGO","","","","","1","1","1","","4"
"XCX-151","TECNIDESA, S,A.","2 CALLE  6-72 ZONA 2 QUETZALTENANGO","7763-0156 /60/67","","","","1","1","1","","4"
"XCO-152","LEXUS EDITORES DE GUATEMALA","CORTIJO 2  22-00 BOD B-315","2476-3815 //16","","","","1","1","1","","4"
"GUA-153","RODAMIENTOS DE CENTROAMERICA S,A.","6AV A 1-12 ZONA 2 COL EL TESORO MIXCO, GUATEMALA","2250-3060","","","","3","1","1","","4"
"XCO-154","AGRINOVA","BODEGAS CORTIJO 1 BOD 604ZONA 12","2462-6509","","","","1","1","1","","4"
"XCO-155","REPRESENTACIONES MOREL","10 CALLE 3-55 ZONA 1","2232-1554","","","","1","1","1","","4"
"XCO-156","DISTRIBUIDORA HERMANOS COPHER","ANILLO PERIFERICO  3-00 ZONA 3","2246-7777","","","","1","1","1","","4"
"XCO-49","TELAS LAFAYETTE DE GUATEMALA S,A.","20 CALLE  26-30 ZONA 10, CIUDAD CAPITAL","2318-0200","","","","1","1","1","","4"
"XCJ-157","DISTRIBUIDORA DE AUTO PARTES M Y G","2AV 3-25  ZONA 2 JALAPA","","","","","1","1","1","","3"
"GUA-158","INDUSTRIAS DE LA RIVA, S,A.","9 AV 10-34 ZONA 1","2410-4071","","","","3","1","1","","4"
"XCO-159","REALMEN S,A.","28 CALLE 7-03 ZONA 11 COL GRANAII TOWNSON","2206-2828","","","","1","1","1","","4"
"GUA-160","ROLLOS Y MAS S,A.","7 CALLE  3-24 ZONA 18 COND INTERBODEGAS OFIBODEGA 26","2267-0834","","","","3","1","1","","4"
"XCO-162","NEOMOTO","14 CALLE 4-43 ZONA 1","2220-5364","","","","1","1","1","","4"
"XCO-163","AUTO CENTER","CALZ SAN JUAN  10-28 ZONA 3 DE MIXCO, GUATEMALA","24326215","","","","1","1","1","","4"
"XCO-164","EL MOTORISTA AUTOMOTRIZ","CALZ SAN JUAN 11-66 ZONA 3 DE MIXCO, GUATEMALA","2464-9913","","","","1","1","1","","4"
"CON-165","SERVIPARTES","LOTE 38 MANZ E COL VILLAS DEL ROSARIO ZONA 4 MIXCO, GUATEMALA","2431-2596","","","","2","1","1","","4"
"XCO-166","YUMMY FOOD S,A.","3RA. AVENIDA 0-54 ZONA 13 PAMPLONA","2220-6129","","","","1","1","1","","4"
"XCO-167","A.E.C.","ANILLO PERIFERICO 18-37 ZONA 11, GUATEMALA","2214-6999","","","","1","1","1","","3"
"XCO-168","PROTECCION SOLAR LA TORRE","2 CALLE 6-31  ZONA 9 LOCAL A","22679777","","","","1","1","1","","4"
"XCO-169","SOLAR FILM","7 AV 1-52  ZONA 9 CIUDAD CAPITAL","2308-5969","","","","1","1","1","","4"
"XCO-170","AUTO REPUESTOS J.C","5 AV 32-71 ZONA 3, CIUDAD CAPITAL","2240-2298","","","","1","1","1","","4"
"XCO-171","EL PORTAL DE LAS PRENDAS AMERICANAS","0AV EL PROGRESO, JUTIAPA","7843-4430","","","","1","1","1","","3"
"CON-172","EL PORTAL DE LAS PRENDAS AMERICANAS","0 AV EL PROGRESO, JUTIAPA","5946-6160","","","","2","1","1","","4"
"VD3-6862","FORMULARIOS STANDARD, S,A.","1  CALLE 35-39 ZONA 11 COL. TOLEDO","2423-8900","","ANA MARIA ARDON","","3","1","1","","1"
"XCO-173","LA PALABRA BOOKSTORE","7 CALLE 17-41  ZONA 3 QUETZALTENANGO","7763-7210  /// 7767-4494","","","","1","1","1","","3"
"XCO-174","COMERCIAL RG","SAN FRANCISCO EL ALTO, TOTONICAPAN","","","","","1","1","1","","3"
"XEL-175","DROGUERIA Y DISTRIBUIDORA VISION PAC RIVERA, S,A.","40AV A 2-66 ZONA 8 COL EL MAESTRO, QUETZALTENANGO","7776-0693 / 7766-9081","","","","3","1","1","","3"
"XCO-176","DIGIMUNDO","18 CALLE 10-50  ZONA 10 C.C. PLAZA LA VILLA","23632568 / 78","","","","1","1","1","","4"
"CON-177","DIGIMUNDO","18 CALLE 10-50  ZONA 10 C.C. PLAZA LA VILLA","23632568 / 78","","","","2","1","1","","4"
"XCO-178","SURTIPARTES","33 CALLE 9-06  ZONA 8","24714912 / 47701971","","","","1","1","1","","4"
"XCO-179","KAT SIM  IMPORTACIONES","5 AV 1-44  ZONA 3 EL PROGRESO, JUTIAPA","4245-9533","","","","1","1","1","","3"
"XCO-180","ANA PAZ","19 AV  8-69  ZONA 15","4569-8403","","","","1","1","1","","4"
"XCO-181","RELOJES 60 SEGUNDOS","19 CALLE 1-53 ZONA 1","2309-9944","","","","1","1","1","","4"
"XCO-182","HENRRY`S DISTRIBUTION","MANZ B LOTE 21 ZONA 4 DE MIXCO","3023-3202","","","","1","1","1","","4"
"XCO-183","EL MUNDO DEL BILLAR","9AV 17-78  ZONA 7 DE MIXCO","2435-4421","","","","1","1","1","","4"
"XCO-185","PRODUCTOS HIDRAULICOS DE C.A., S,A.","AV PETAPA 33-21 ZONA 12","2376-2000","","","","1","1","1","","4"
"PRE-184","LIBRERIA BAUTISTA","12 CALLE 9-54 ZONA 1","2251-4516","","","","4","1","1","","4"
"PRE-186","MULTIPRODUCTOS VETERINARIOS S,A.","CALLE DEL COMPLEJO DEPORTIVO 12-75 ZONA 1 JUTIAPA","7823-5104 / 78442396","","","","4","1","1","","3"
"XCO-187","COFIÐO STAHL","ANILLO PERIFERICO 17AV 18-78  ZONA 11","2204-3012","","","","1","1","1","","4"
"XCO-188","DISTRIBUIDORA CKLASS Y MAS","ATESCATEMPA, JUTIAPA","42994475","","","","1","1","1","","3"
"GUA-189","TERMO GUATEMALA S,A.","BLV LOS PROCERES 24-69 ZONA 10, CIUDAD CAPITAL","2261-7085","","","","3","1","1","","4"
"XCO-190","TERMO GUATEMALA, S,A.","BLV LOS PROCERES 24-69 ZONA 10, CIUDAD CAPITAL","2261-7085","","","","1","1","1","","4"
"XCO-191","EL PORTAL DE LAS PRENDAS AMERICANAS S,A.","7AV ENTRE 1 Y 2 CALLE ZONA 1 CHIQUIMULA","7796-9754","","","","1","1","1","","4"
"XCO-192","AUTO REPUESTOS AKI","CALZ ROOSEVELTH 40-80 ZONA 3 COL. COTIO, MIXCO","22093535","","","","1","1","1","","4"
"CON-193","IDEAS EN PAPEL S,A.","DIAGONAL 6 11-97  ZONA 10 EDIF CENTRO INTERNACIONAL","2311-7100","","","","2","1","1","","4"
"XCO-194","IMPOAUTO","7 CALLE 27-55 BLV EL NARANJO ZONA 4 DE MIXCO","2211-8471","","","","1","1","1","","4"
"XCO-195","ALMACEN EL UNICO","18 CALLE 3-19  ZONA 1, GUATEMALA","5966-0990","","","","1","1","1","","4"
"XCO-196","FRAGANTA","KM 8.5 CARR SALVADOR EDIF LAS VISTAS DE MUXBALIA","4391-5424","","","","1","1","1","","4"
"CON-197","DADA BABY (ALMACEN EL FESTIVAL)","3AV 19-30 ZONA 1","2230-3361 // 2253-0968","","","","2","1","1","","4"
"GUA-198","PROYECTO K, S,A.","2 AV  3-53  LOS ALMOS SAN MIGUEL PETAPA","6628-2500","","","","3","1","1","","4"
"CON-199","PROYECTO K, S,A.","2AV 3-53  LOS ALAMOS, SAN MIGUEL PETAPA","6628-2500","","","","2","1","1","","4"
"XCO-200","SERINPA","KM 168 CARR A ESQUIPULAS, CHIQUIMULA","5014-0797","","","","1","1","1","","4"
"XCO-201","FERRETERIA ARREOLA","CALZ JOSE MILLA  Y VIDAURRE 18-40 ZONA 6","2288-0745","","","","1","1","1","","3"
"CON-202","FERRETERIA ARREOLA","CALZ JOSE MILLA Y VIDAURRE 18-40 ZONA 6","2288-0745","","","","2","1","1","","3"
"XCO-203","MULTICOMER","23 CALLE 1-35 ZONA 1","2238-4174","","","","1","1","1","","3"
"CON-204","MULTICOMER","23 CALLE 1-35 ZONA 1","2238-4174","","","","2","1","1","","3"
"XCO-205","TBC GUATEMALA S,A.","7 CALLE 28-77 ZONA 4 MIXCO EL NARANJO","2308-0500","","","","1","1","1","","3"
"XCO-6","INVADEN","CALZ SAN JUAN 40-05 ZONA 7 COL NUEVA MONSERRAT","2432-6588","","","","1","1","1","","4"
"XCO-207","CASA DE LAS TELAS","20 CALLE 3-38  ZONA 1","2250-0851","","","","1","1","1","","3"
"CON-208","CASA DE LAS TELAS","20 CALLE 3-38 ZONA 1","2250-0851","","","","2","1","1","","3"
"XCO-209","CENTRACASA","CALZ AGUILAR BATRES 26-19 ZONA 12","2327-9000","","","","1","1","1","","3"
"CON-210","CENTRACASA","CALZ AGUILAR BATRES 26-19 ZONA 12","2327-9000","","","","2","1","1","","3"
"XCO-211","IMPORLLANTAS","PARQUE ECO INDUSTRIAL 13 CALLE 3-90 ZONA 7 COL LANDIVAR","2296-6056//2296-6057","","","","1","1","1","","3"
"CON-212","IMPOR LLANTAS","14AV 0-24 ZONA 2 DE MIXCO","2250-4019","","","","2","1","1","","3"
"XCO-213","DSITRIBUIDORA TEXTIL LA EXCELENCIA","AV BOLIVAR 23-42 ZONA 1","2210-5651","","","","1","1","1","","3"
"CON-214","DISTRIBUIDORA TEXTIL LA EXCELENCIA","AV BOLIVAR 23-42 ZONA 1","2210-5651","","","","2","1","1","","3"
"XCO-215","PACARTA","10AV A 0-79 ZONA 2 BARRIO MODERNO","2290-4141","","","","1","1","1","","3"
"CON-216","PACARTA","10 AV A 0-79 ZONA 2 BARRIO MODERNO","2490-4141","","","","2","1","1","","3"
"XCO-217","AUTO PARTS MIZUMO","23 AV INTERCONEXION NARANJO MINERVA 12-90 INTERIOR ZONA 4 DE MIXCO BODEGA 1","2206-3000","","","","1","1","1","","2"
"CON-218","AUTO PARTS MIZUMO","4 CALLE 23-80 ZONA 14 EMPRESARIAL MULTIBODEGAS","2206-3000","","","","2","1","1","","2"
"XCO-219","LOMA VISTA DE GUATEMALA  ,S.A","3AV 39-48 ZONA 8, CIUDAD CAPITAL","2471-7387","","","","1","1","1","","3"
"CON-220","LOMA VISTA DE GUATEMALA S,A.","3AV 39-48 ZONA 8, CIUDAD CAPITAL","2471-7387","","","","2","1","1","","3"
"XCO-221","IMPRESOS LEOS","5AV 10-87 ZONA 6 MIXCO COL SAN FRANCISCO II","2432-2383","","","","1","1","1","","3"
"CON-222","IMPRESOS LEOS","5AV 10-87 ZONA 6 MIXCO, COL SAN FRANCISCO II","2432-2383","","","","2","1","1","","3"
"XCO-223","IMPORTADORA REGIS","6 CALLE 9-33 ZONA 1, GUATEMALA","2220-1693","","VERONICA ESCALANTE","","1","1","1","","4"
"CON-224","IMPORTADORA REGIS","6 CALLE 9-33 ZONA 1, GUATEMALA","2220-1693","","VERONICA ESCALANTE","","2","1","1","","4"
"XCO-225","GRUPO COMERCIAL DIFER S,A.","MANZ E SEC 4 LOTE 1 ZONA 4 JARDINES DE TULAM ZU, MIXCO","2429-4100","","","","1","1","1","","3"
"CON-226","GRUPO COMERCIAL DIFER S,A.","MANZ E SEC 4 LOTE 1 ZONA 4 JARDINES DE TULAM ZU, MIXCO","2429-4100","","","","2","1","1","","3"
"XCO-227","CORPORACION QUIMICA DEL ISTMO","13AV 7-41 ZONA 12","2471-3485","","","","1","1","1","","3"
"CON-228","CORPORACION QUIMICA DEL ISTMO","13AV 7-41 ZONA 12","2471-3485","","","","2","1","1","","3"
"XCO-229","INQUIVET","5AV C 3-75  ZONA 12 COL GUAJITOS","2477-4326","","","","1","1","1","","3"
"CON-230","INQUIVET","5AV C 3-75  ZONA 12 COL GUAJITOS","2477-4326","","","","2","1","1","","3"
"XCO-231","AUTOPRO","29  CALLE 5-90  ZONA 12 COL EL CARMEN","2243-1700","","","","1","1","1","","3"
"CON-232","AUTOPRO","29 CALLE 5-90 ZONA 12 COL EL CARMEN","2243-1700","","","","2","1","1","","3"
"XCO-233","LLANTERA SANTA CRUZ","CALZ SAN JUAN 6-43 COL LA BRIGADA ZONA 7 MIXCO","2432-7869","","","","1","1","1","","3"
"CON-234","LLANTERA SANTA CRUZ","CALZ SANJUAN 6-43 COL LA BRIGADA ZONA 7 MIXCO","2432-7869","","","","2","1","1","","3"
"XCO-235","ARLLANSA","AV BOLIVAR 30-10 ZONA 3","2506-3232","","","","1","1","1","","3"
"CON-236","ARLLANSA","AV BOLIVAR 30-10 ZONA 3","2506-3232","","","","2","1","1","","3"
"XCO-237","FABRICA DE ACUMULADORES VOLTA","CALZ ROOSEVELTH 11-19  ZONA 11","2472-3070","","","","1","1","1","","3"
"CON-238","FABRICA DE ACUMULADORES VOLTA","CALZ ROOSEVELTH 11-19 ZONA 11","2472-3070","","","","2","1","1","","3"
"XCO-239","LLAMASA","15 CALLE 8-01 ZONA 12","2329-4949","","","","1","1","1","","3"
"CON-240","LLAMASA","15 CALLE 8-01 ZONA 12","2329-4949","","","","2","1","1","","3"
"XCO-241","MIZPA S,A.","CALZ ROOSEVELTH KM 14 6-38 ZONA 2 COL EL TESORO MIXCO","2383-2000","","","","1","1","1","","3"
"CON-242","MIZPA S,A.","CALZ ROOSEVELTH KM 14 6-38  ZONA 2 COL EL TESORO MIXCO","2383-2000","","","","2","1","1","","3"
"XCO-243","DISINSA","7AV 19 CALLE ESQUINA 18-66 ZONA 12","2472-7400","","","","1","1","1","","3"
"CON-244","DISINSA","7 AV 19 CALLE ESQUINA 18-66  ZONA 12","2472-7400","","","","2","1","1","","3"
"XCO-245","ACQUARONI","7AV 1-54  ZONA 4","2324-6565","","","","1","1","1","","3"
"CON-246","ACQUARONI","7AV 1-54 ZONA 4","2324-6565","","","","2","1","1","","3"
"XCO-247","COMERCIAL CANTON ,S.A","4AV 18-30  ZONA 1","2493-2323","","","","1","1","1","","3"
"CON-248","COMERCIAL CANTON S,A.","4AV 18-30 ZONA 1","2493-2323","","","","2","1","1","","3"
"GUA-249","IMPORTADORA Y EXPORTADORA SANTA RITA S,A.","","","","","","3","1","1","","4"
"XCO-250","MOTO STORE","","5000-2743","","","","1","1","1","","3"
"XCO-251","VASTAGO IMPORTACIONES","","2442-1202 // 5943-4230","","","","1","1","1","","4"
"XCO-252","REEGALOS Y MENSAJES S,A.","","2389-8400// 23898401","","","","1","1","1","","4"
"XCO-253","IMPORTADORA NORTE","","2477-2400","","","","1","1","1","","1"
"XCO-254","IMPORTADORA UNO  S,A.","","5939-6838 // 5939-6600","","","","1","1","1","","4"
"XCO-255","ZOMI STORE // SARAI DE LEON","","4749-2681","","","","1","1","1","","4"
"XCO-256","VIOLET"" ROPA ACCESORIOS Y MAS // WENDY MAYORGA","","3267-8209","","","","1","1","1","","4"
"CON-257","KARYN LEONARDO  (BIOLAND)","","55113323","","","","2","1","1","","4"
"CON-257","KARYN LEONARDO (BIOLAND)","","55113323","","","","2","1","1","","4"
"CON-258","REPRESENTACIONES EUROPEAS DE CENTROMERICA","","2304-3800","","","","2","1","1","","4"
"XCO-259","EL AGUILA IMPORTACIONES","","2476-0415//2477-5927","","","","1","1","1","","4"
"XCO-261","ALFA EDICIONES","","3230-0378","","","","1","1","1","","4"
"CON-262","ALFA EDICIONES","","2230-0378","","","","2","1","1","","4"
"XCO-263","ARTEMIS EDINTER","","2419-9191","","","","1","1","1","","4"
"XCO-264","IBERICA IMPORT S,A.","","2441-7412// 2425-0154","","","","1","1","1","","4"
"XCO-265","DIMPACSA","","2473-0352","","","","1","1","1","","4"
"PRE-266","DISTRIMEDH","","5400-1011","","","","4","1","1","","4"
"XCO-268","MOTOREPUESTOS GP, P.A.,S.A.","","4177-4191","","SOFIA ALVARENGA","","1","1","1","","4"
"GUA-269","MOTOREPUESTOS GP, P.A.,S.A.","","4177-4191","","SOFIA ALVARENGA","","3","1","1","","4"
"CON-270","CINCUENTA CINCUENTA","","22603392","","","","2","1","1","","4"
"XCO-271","QUIMICOS DE ORIENTE","","4082-2465","","","","1","1","1","","4"
"CON-272","QUIMICOS DE ORIENTE","","4082-2465","","","","2","1","1","","4"
"XCO-273","CREACIONES MARIANNE","","32882944","","","","1","1","1","","4"
"XCO-274","FABRICA FELICIDADES","","2308-3289","","","","1","1","1","","4"
"PRE-275","CAROL MARIN","","4150-3970","","","","4","1","1","","4"
"GUA-276","EDITORIAL Y LIBRERIA PIEDRA SANTA","","2422-7676","","","","3","1","1","","4"
"GUA-277","ALFA EDICIONES, S,A.","","5923-5417","","","","3","1","1","","4"
"XCO-278","SAR""S BSS","","2256-1629","","","","1","1","1","","4"
"CON-279","CAROL MARIN","","4150-3970","","","","2","1","1","","4"
"CON-280","EDICIONES INTERNACIONALES S,A.","","2433-9863","","","","2","1","1","","4"
"XCO-281","COMERCIALIZADORA LA DIVINA COSTURA ,S.A","","4742-4839","","","","1","1","1","","4"
"GUA-282","EDICIONES INTERAMERICANAS S,A.","","2433-9863","","","","3","1","1","","4"
"XCO-283","PACOL","","5494-0752","","","","1","1","1","","1"
"CON-284","CIRCULO DE INVERSIONES","","","","","","2","1","1","","4"
"XCO-285","INNOVATI S,A. / MULTIMUEBLE","","2474-1757","","","","1","1","1","","4"
"XCO-286","IMPORTACIONES GALA UNO","","2220-6860","","","","1","1","1","","4"
"XCO-287","IMPORTACIONES GALA DOS","","","","","","1","1","1","","4"
"PRE-288","FERNANDA HOFFENS","","","","","","4","1","1","","4"
"XCO-289","MAGIC FASHION","","4729-0336","","","","1","1","1","","4"
"GUA-290","CORPORACION PLUS ,S.A","","2365-8761","","","","3","1","1","","4"
"XCO-291","JOSE OSMAN YES REYES","","7844-3680","","","","1","1","1","","4"
"CON-292","MILENIUM","","2445-4422","","","","2","1","1","","4"
"XCO-293","BENJAMIN BARILLAS","","5200-1705 // 3379-9485","","","","1","1","1","","4"
"XCO-294","LIBRERIA E IMPRENTA VIVIAN","","2251-0575","","","","1","1","1","","4"
"GUA-295","IADPA LIBRERIA GUATEMALA S,A.","","","","","","3","1","1","","4"
"XCO-296","BK FASHION","","4069-3234","","","","1","1","1","","4"
"CON-297","BK FASHION","","4069-3234","","","","2","1","1","","4"
"XCO-298","VARIEDADES MANELIK","","5519-5665","","","","1","1","1","","4"
"XCO-299","CORPORACION PLUS","","2365-8761","","","","1","1","1","","4"
"PRE-300","EDICIONES SAN PABLO","","2438-3151","","","","4","1","1","","4"
"XCO-301","VENTAS Y NEGOCIOS WENDOLI","","2476-4431","","","","1","1","1","","4"
"CON-302","VENTAS Y NEGOCIOS WENDOLI","","2476-4431","","","","2","1","1","","4"
"CON-303","EDITORIAL ATENEA","","5987-2721","","","","2","1","1","","3"
"XCO-304","MULTISISTEMAS TV","","2362-5810// 2362-2857","","AMANDA MORALES","","1","1","1","","4"
"XCO-305","SIEBOLD AUTO REPUESTOS","","2285-9999","","","","1","1","1","","4"
"CON-306","INCOGUA S,A.","","4220-8361","","","","2","1","1","","4"
"CON-307","SERVITECNOLOGIA S.A.","","2432-0507","","","","2","1","1","","4"
"XCO-308","SERVITECNOLOGIA S,A.","","2432-0507","","","","1","1","1","","4"
"XCO-309","DROGUERIA LATINOAMERICANA","","7961-2900","","","","1","1","1","","4"
"XCO-310","COMCAST","","2309-7221","","","","1","1","1","","2"
"CON-311","COMCAST","","2309-7221","","","","2","1","1","","2"
"GUA-312","CALVO DISTRIBUCION GUATEMALA RL.","","2366-3177","","","","3","1","1","","4"
"XCO-313","QUIMIPROVA S.A.","","2226-4300","","","","1","1","1","","4"
"CON-314","QUIMIPROVA S.A.","","2226-4300","","","","2","1","1","","4"
"XCO-315","MUEBLES Y PROYECTOS LAS FLORES","","4218-1829","","","","1","1","1","","4"
"GUA-317","IMPCA","","2259-7573","","","","3","1","1","","4"
"XCO-316","DISTRIBUIDORA DAKO","","5043-9992","","","","1","1","1","","4"
"CON-318","DISTRIBUIDORA DAKO","","5043-9992","","","","2","1","1","","4"
"XCO-319","FERNANDA BARQUIN","","4770-0640","","","","1","1","1","","4"
"XCO-320","AZTECA GT","","4536-3305","","","","1","1","1","","4"
"XCO-321","EDICIONES SAN PABLO, S.A.","","2438-3149// 2438-3151","","","","1","1","1","","4"
"XCO-322","AUDIO CENTER","","2498-7500","","","","1","1","1","","4"
"CON-323","AROMAS CREATIVOS S,A.","","5463-4695","","","","2","1","1","","4"
"XCO-324","KIUT","","2232-8712","","","","1","1","1","","4"
"XCO-325","CRISTEL MILAGRO GUERRA GARZA","","5017-4468","","","","1","1","1","","4"
"CON-326","KAT SIM IMPORTACIONES","","4245-9533","","","","2","1","1","","3"
"CON-327","CREACIONES KAT SIM","","5818-7437","","","","2","1","1","","3"
"CON-328","ANIBAL AGUILAR","","5961-6897","","","","2","1","1","","4"
"XCO-329","RAPIENVIO","","4560-6159","","","","1","1","1","","4"
"CON-330","ALT S,A.","","2336-7329","","","","2","1","1","","4"
"XCO-331","EDY GUZMAN //INVERSIONES PABAN","","5783-4120","","","","1","1","1","","4"
"CON-332","EDY GUZMAN // INVERSIONES PABAN","","5783-4120","","","","2","1","1","","4"
"XCO-252","REGALOS Y MENSAJES S,A.","","2389-8400// 23898401","","","","1","1","1","","4"
"XCO-333","REA","","2250-6696 // 2250-6901","","","","1","1","1","","4"
"XCO-334","CASPE INTERNACIONAL, S.A.","","2250-3473","","","","1","1","1","","4"
"XCO-335","CKAM","","7740-4690","","","","1","1","1","","4"
"CON-336","CKAM","","7740-4690","","","","2","1","1","","4"
"XCO-337","RODAMIENTOS DE CENTROAMERICA","","2250-3060","","","","1","1","1","","4"
"CON-338","EQUISUM","","2293-4830","","","","2","1","1","","4"
"XCO-339","WILLIAN FERNANDO MORALES RIVERA/YANSI BONILLA","","","","","","1","1","1","","4"
"XCO-340","CREACIONES DANIKA","","7942-1218","","","","1","1","1","","4"
"CON-341","CREACIONES DANIKA","","7942-1218","","","","2","1","1","","4"
"XCO-342","FASHION PRINCESS EM","","7942-6170","","","","1","1","1","","4"
"XCO-343","REFRIREPUESTOS SG","","6649-2605","","","","1","1","1","","4"
"XCO-344","AMANDA VELASQUEZ","","5468-8490","","","","1","1","1","","4"
"XCO-345","DECOTRIMS","","4742-4939","","","","1","1","1","","4"
"XCO-346","COSITAS BONITAS","","5818-6795","","","","1","1","1","","4"
"XCO-347","ALICIA MORALES","","5595-9250","","","","1","1","1","","4"
"XCO-348","IMPRENTA EL MILAGRO / INDUSTRIA GRAFICA EL MILAGRO","","7941-2248","","","","1","1","1","","4"
"XCO-349","CARLOS URRUTIA / MODATELA","","4788-8240","","","","1","1","1","","4"
"CON-350","CHI SHING LEE//ARRENDAMIENTO LEE /ARRENDAMIENTOS SUN CHU / NG LAM DE LEE","","5310-50-30","","","","2","1","1","","4"
"CON-351","CHI SHING LEE // LEE MOTORS","","5310-5030","","","","2","1","1","","4"
"XCO-352","ALBA RIVERA","","4150-7507","","","","1","1","1","","4"
"CON-353","DISFARMACOS S,A.","","2439-3463","","","","2","1","1","","4"
"XCO-354","DISFARMACOS S,A.","","2439-3463","","","","1","1","1","","4"
"XCO-355","VENTAS Y SERVICIOS INDUSTRIALES ACOR S,A.","","2474-3536","","","","1","1","1","","4"
"CON-356","VENTAS Y SERVICIOS INDUSTRIALES ACOR S,A.","","2474-3536","","","","2","1","1","","4"
"XCO-358","MAYRA LILIA OVALLE DE LEON","","4241-2624","","","","1","1","1","","3"
"XCO-357","MYNOR GEOVANY REYES GUEVARA","","5860-8204","","","","1","1","1","","3"
"XCO-359","TAPADERAS ONLINE","","4205-2688","","","","1","1","1","","4"
"XCO-360","IMPORTADORA PINTO // DIEGO ARMANDO PINTO","","5119-2221","","","","1","1","1","","4"
"XCO-361","LLANTRAK ,S.A","","2471-2068","","","","1","1","1","","4"
"GUA-362","CODIGUA PL, S,A.","","2254-9226","","","","3","1","1","","4"
"XCO-363","DISTRIBUIDORA ANDREA DE GUATEMALA","","5699-5211","","","","1","1","1","","4"
"XCO-364","LABORATORIIO LA SANA","","2292-1702","","","","1","1","1","","4"
"XCO-365","ANTONIO DOMINGUEZ","","5392-1412","","","","1","1","1","","4"
"XCO-366","DROGUERIA EXCEL","","","","","","1","1","1","","4"
"CON-367","DROGUERIA EXCEL","","","","","","2","1","1","","4"
"XCO-368","CONSTRUPARTES","","5348-6522","","","","1","1","1","","4"
"XCO-369","ITALIKA","","2306-7500","","","","1","1","1","","4"
"CON-370","PROSERDI","","5538-4917","","","","2","1","1","","4"
"XCO-371","REINA STORE","","3017-6121","","","","1","1","1","","4"
"XCO-372","COMERCIALIZADORA ESPIRAL","","2288-1556","","","","1","1","1","","4"
"XCO-373","CARLOS ROBERTO GARCIA TEJADA","","4789-9939","","","","1","1","1","","4"
"CON-374","DISGEMA","","2440-5315","","","","2","1","1","","4"
"XCO-375","PRONIAUTO","","2254-8112","","","","1","1","1","","4"
"XCO-376","AUTO REPUESTOS LINARES","","2266-1165","","","","1","1","1","","4"
"XCO-377","PRONIAUTO","","2508-6076","","","","1","1","1","","4"
"CON-378","GRUPO LOGAL S,A.","","2234-4043","","","","2","1","1","","4"
"XCO-379","GRUPO LOGAL S,A.","","2234-4043","","","","1","1","1","","4"
"PRE-380","MILAGRO PECUARIO S.A.","","2472-5103","","","","4","1","1","","4"
"XCO-381","PLAYERAS QUETZAL","","3338-6800","","","","1","1","1","","4"
"XCO-382","IMPORTADORA SAN FERNANDO","","5525-3631","","","","1","1","1","","4"
"CON-383","PINTURAS SEGA","","6629-7878 // 66297879","","","","2","1","1","","4"
"XCO-384","LIBRERIA SAN PABLO","","2337-2963 // 2367-4031","","","","1","1","1","","4"
"XCO-385","DIANA ARRIAZA","","5483-4485","","","","1","1","1","","4"
"XCO-386","URBAN","","3399-2532","","","","1","1","1","","4"
"CON-387","GUNTER PEÐA","","5140-6282","","","","2","1","1","","4"
"XCO-388","TIENDA LA MODERNA/JUANA MARIA TORRES","","5389-2926","","","","1","1","1","","4"
"XCO-389","MHR TOOLS","","3105-7329","","","","1","1","1","","4"
"CON-390","WEB CORP BUSINESS/MENSAJERIA EXPRESS GUATEMALA","","5821-9107","","","","2","1","1","","4"
"XCO-391","DIANA BOSARREYES","","5483-4785","","","","1","1","1","","4"
"XCO-392","MARDO OTONIEL PEREZ","","5327-8792","","","","1","1","1","","4"
"XCO-393","FORMULARIOS Y MAS","","4505-7337","","","","1","1","1","","4"
"CON-394","FORMULARIOS Y MAS","","4505-7337","","","","2","1","1","","4"
"CON-395","PROSEINSA","","2300-9595","","","","2","1","1","","4"
"XCO-396","PROSEINSA","","2300-9595","","","","1","1","1","","4"
"XCO-397","TIRES CORP S.A.","","2376-1701 // 2376-1708","","","","1","1","1","","4"
"XCO-398","PROMO INDUSTRIAS/FLORIDALMA GIRON","","2335-3625","","","","1","1","1","","4"
"CON-399","PROMO INDUSTRIA // FLORIDALMA GIRON","","2335-3625","","","","2","1","1","","4"
"XCO-400","INCAPROSA","","2204-4111","","","","1","1","1","","4"
"XCO-401","VICTORIA ELIZABETH GARCIA GARRIDO","","4502-0243","","","","1","1","1","","4"
"CON-402","ARRENDADORA MARISCAL S.A.","","5202-3553","","","","2","1","1","","4"
"XCO-403","GRAN SUPER MERCADO DE PACAS","","3142-2642","","","","1","1","1","","4"
"XCO-404","IMPORTADORA  DE PACAS T & T","","5752-0445//2317-6446","","","","1","1","1","","4"
"XCO-405","JULIO ALEXIS NAVARRO CARRERA","","77922670-51620533","","","","1","1","1","","4"
"XCO-407","CINCUENTA CINCUENTA","","22547262/55133722","","","","1","1","1","","4"
"XCO-409","CARPICENTRO","","2472-0715","","","","1","1","1","","4"
"XCO-406","LUCAS DANNY DOMINGO NAJERA","","4232-5148","","","","1","1","1","","4"
"CON-408","SIISA","","","","","","2","1","1","","4"
"XCO-410","DISAVET","","2464-6705","","","","1","1","1","","4"
"XCO-411","TEXTIHOGAR","","2288-8945","","","","1","1","1","","4"
"CON-412","TEXTIHOGAR","","2288-8945","","","","2","1","1","","4"
"GUA-413","WEB CORP BUSINESS//MENSAJERIA EXPRESS GUATEMALA","","5821-9107","","","","3","1","1","","4"
"XCO-414","FUNDACION  UN TECHO PARA MI PAIS GUATEMALA","","4972-9144","","","","1","1","1","","4"
"CON-415","FUNDACION UN TECHO PARA MI PAIS GUATEMALA","","4972-9144","","","","2","1","1","","4"
"XCO-417","SPLASS GUATEMALA S,A.","","2331-7231","","","","1","1","1","","4"
"XCO-418","IMPCA","","2259-7573","","","","1","1","1","","4"
"XCO-419","INVERSIONES TAMAU","","2209-7700","","","","1","1","1","","4"
"XCO-420","ARRENDADORA MARISOL","","5901-7500","","","","1","1","1","","4"
"XCO-421","K & N REPUESTOS","","2228-3820","","","","1","1","1","","4"
"XCO-422","VOY A COMPRAR GT","","3290-0836","","","","1","1","1","","4"
"CON-423","AROMAS CREATIVOS","","2431-8070","","","","2","1","1","","3"
"XCO-424","ALMACEN EL TRIUNFADOR","","2216-7950","","","","1","1","1","","4"
"XCO-425","AUTO EMPAQUE LP","","5377-3368","","","","1","1","1","","4"
"XCO-426","VILMA ANTONIA QUIEJ","","3024-6031","","","","1","1","1","","4"
"XCO-427","DISTRIBUIDORA INDUSTRIAL AG","","5633-3656","","EMMA PEDRO DE JESUS ALVAREZ GONZALEZ","","1","1","1","","4"
"XCO-428","ALUMINIOS MAYA","","2476-6744 // 2295-9982","","","","1","1","1","","4"
"XCO-429","TRACSER ,S.A","","2234-6526","","","","1","1","1","","4"
"XCO-430","EQUIPOS SERIGRAFIAS Y DIGITALES S,A.","","2226-3400","","","","1","1","1","","4"
"CON-431","DISLUBSA","","2293-9109","","","","2","1","1","","4"
"XCO-432","QUINDECA","","2327-6203","","","","1","1","1","","4"
"XCO-433","IMADE","","2431-3858","","","","1","1","1","","4"
"XCO-434","DISTRIBUIDORA MIKE 2005","","","","","","1","1","1","","4"
"CON-435","GRUPO LAVET // LABIPHARM","","2506-2222","","","","2","1","1","","4"
"GUA-436","CENTRO DE SOLUCIONES S,A.","","2301-3232","","","","3","1","1","","4"
"XCO-437","ARUSA REPUESTOS","","2247-6300","","","","1","1","1","","4"
"XCO-438","URBANO GUOX","","3041-7220","","","","1","1","1","","4"
"XCO-439","GIGANET","","2311-9000","","","","1","1","1","","4"
"XCO-440","NEKTECH","","2383-5900","","","","1","1","1","","4"
"XCO-441","PURIFICADORA DE AGUA EL CHAPARRO // JOSE SANDOVAL","","4667-3906","","","","1","1","1","","4"
"XCO-442","PPM INDUSTRIA MANUFACTURERA DE PLASTICO Y PAPEL S,A.","","6625-4500","","","","1","1","1","","4"
"XCO-443","VITATRAC S,A.","","2323-6000","","","","1","1","1","","1"
"XCO-444","DAVID FLORES","","5633-1055","","","","1","1","1","","4"
"XCO-445","SMART SUPPLIERS","","4142-3894","","","","1","1","1","","4"
"GUS-446","COMERCIAL SAN CRISTOBAL","","","","","","3","1","1","","4"
"XCO-447","COMERCIAL SAN CRISTOBAL","","","","","","1","1","1","","4"
"XCO-448","BRANDON LANDAVERRY","","4928-8334","","","","1","1","1","","4"
"CON-449","CALA","","3034-8337","","","","2","1","1","","4"
"XCO-450","ALGADA COMPU SYSTEMS // GABRIELA ELISA SANCHEZ GARCIA","","2288-1702","","","","1","1","1","","4"
"GUA-451","ALGADA COMPU SYSTEMS//GABRIELA ELISA SANCHEZ GARCIA","","2288-1702","","","","3","1","1","","4"
"CON-452","WILLIAMS VINICIO MOLLER ARRIAZA","","5713-2422","","","","2","1","1","","4"
"XCO-453","WILLIAMS VINICIO MOLLER ARRIAZA","","5713-2422","","","","1","1","1","","4"
"CON-454","CORPROMA//RES CENTROAMERICANA DE DISTRIBUCION//KARYN LEONARDA","","5511-3323","","","","2","1","1","","4"
"CON-455","MOTO TOTAL","","4804-1369","","","","2","1","1","","4"
"XCO-456","MOTO TOTAL","","4804-1369","","","","1","1","1","","4"
"XCO-457","COMERCIALIZADORA VILLELA//WELLINGTON CALLEJAS","","59379989","","","","1","1","1","","4"
"XCO-458","TIENDA LOS HERMANOS // JACINTO CARRILLO","","5758-9165","","","","1","1","1","","4"
"CON-459","MARY PERDOMO / VENTA DE PUROS","","4996-5336","","MARY PERDOMO","","2","1","1","","3"
"XCO-460","EL MUNDO DE CARTON S,A.","","2476-3067","","","","1","1","1","","4"
"XCO-461","DAVID DOMINGO NAJERA","","7922-3031 // 4241-8769","","","","1","1","1","","4"
"GUA-462","VITATRAC ,S.A","","2419-3339","","","","3","1","1","","1"
"XCO-463","MIGUEL ABDIAS DE LA CRUZ","","4994-0945","","","","1","1","1","","4"
"XCO-464","SARA MARIA BETZABE SUAREZ AGUILAR","","3516-3954","","","","1","1","1","","4"
"CON-465","EDITORA EDUCATIVA","","7766-9145","","","","2","1","1","","3"
"XCO-466","EDITORA EDUCATIVA","","7766-9145","","","","1","1","1","","3"
"CON-467","PUBLICACIONES INTERNACIONALES BOOKSTORE","","5604-6612","","","","2","1","1","","3"
"XCO-468","PUBLICACIONES INTERNACIONALES BOOKSTORE","","5604-6612","","","","1","1","1","","3"
"XCO-469","MONICA ARANSEZU GUZMAN CALDERON","","4752-3410","","","","1","1","1","","4"
"GUA-470","CALIDAD QUIMICA S,A.","","3102-0402","","","","3","1","1","","4"
"XCO-471","GRUPO AB","","4792-4420","","","","1","1","1","","4"
"CON-472","GRUPO AB","","4792-4420","","","","2","1","1","","4"
"CON-473","MACRO SISTEMAS","","7790-1818","","","","2","1","1","","4"
"XCO-474","ACXEL LIMA","","5877-1243","","","","1","1","1","","4"
"XCO-475","MARIANA JOSE RODRIGUEZ  NOGUERA","","3200-5050","","","","1","1","1","","4"
"XCO-476","ZABDI//ALEJANDRO BRAN","","3331-7940","","","","1","1","1","","4"
"XCO-477","LORENA DIAZ","","5822-9520","","","","1","1","1","","4"
"XCO-478","LILIAN AMANDA ROSSAL DE CASTILLO","","5949-5426","","","","1","1","1","","4"
"XEL-479","CORPORACION PHARA S,A.","","7728-1717","","","","3","1","1","","3"
"XEL-480","FARMACOS ECONOMICOS S,A.","","7728-1717","","","","3","1","1","","3"
"XEL-481","LABORATORIO PHARA S,A.","","77281758 // 7728-1760","","","","3","1","1","","3"
"XCO-482","ZONA ACCESORIOS //ROBERTO DELGADO","","5813-8905","","","","1","1","1","","4"
"XCO-483","MARSA INVERSIONES S,A.","","5526-2820","","","","1","1","1","","4"
"XCO-484","ALIMENTOS TERRAE S,A.","","54148922","","","","1","1","1","","4"
"XCO-485","MANUEL ARMAS","","2293-7550","","","","1","1","1","","4"
"XCO-486","COMPUACCESORIOS","","2498-9494","","","","1","1","1","","3"
"XCO-487","AUTOCREMALLERAS MORALES","","5014-4543","","","","1","1","1","","4"
"XCO-488","EVERPRINT GUATEMALA, S.A.","","5570-4266","","","","1","1","1","","4"
"XCO-489","PROEZAS IMPORT","","5819-6365","","","","1","1","1","","4"
"CON-490","BENTO KIDS","","5161-4371","","","","2","1","1","","4"
"CON-491","SERVICOM","","2201-4444","","","","2","1","1","","4"
"XCO-492","EQUIVALENZA","","5473-0213","","","","1","1","1","","4"
"XCO-493","ENMER ESTHER RAFAEL  // MODA Y MAS","","5510-5108","","","","1","1","1","","4"
"CON-494","ENMER ESTHER RAFAEL // MODA Y MAS","","5510-5108","","","","2","1","1","","4"
"XCO-495","MINDY VASQUEZ","","4190-2717","","","","1","1","1","","4"
"XCO-496","NAT & CO MAYOREO","","3034-9521á/á4013-7014","","","","1","1","1","","3"
"XCO-497","MEGANUTRITION//FREDY ORELLANA","","6610-3312","","","","1","1","1","","4"
"GUA-498","RANERO LOGISTIC","","2362-1900","","","","3","1","1","","3"
"XCO-499","SUMINISTROS ELECTRICOS S,A.","","2506-8600","","","","1","1","1","","4"
"GUA-500","DROGUERIA EXCEL","","2367-5766","","","","3","1","1","","3"
"XCO-501","BONJOUR","","4121-7228","","","","1","1","1","","4"
"XCO-502","ESTAVIOS BONSAY","","4198-8572","","","","1","1","1","","4"
"XCO-503","UNIREFRI","","2226-8500","","","","1","1","1","","4"
"XCO-504","DISTRIBUIDORA GRANADA","","2215-4500","","","","1","1","1","","4"
"XCO-505","DELTA FRIO  DE GUATEMALA","","2234-7184","","","","1","1","1","","4"
"XCO-506","DISTRIBUIDORA DINOSAURIOS // RUBEN SANCHEZ","","5621-6837","","","","1","1","1","","4"
"XCO-507","BEE EVENTOS /// ANA LOPEZ","","5653-6150","","","","1","1","1","","4"
"XCO-9","RECYCLE & SHOP","","5417-7274","","","","1","1","1","","4"
"XCO-10","OKASA HOGAR Y VARIEDADES","","5997-6235","","","","1","1","1","","4"
"XCO-11","DISTRIBUIDORA GABRIELA","","4768-6751","","","","1","1","1","","4"
"XCO-17","NOE ANTONIO MARTINEZ SAMAYOA","","5709-4394","","","","1","1","1","","4"
"XCO-27","MAKSA","","2334-0716","","","","1","1","1","","4"
"XCO-28","ARNULFA HERNANDEZ","","5821-0111","","","","1","1","1","","4"
"XCO-35","MIRNA GONZALEZ","","4041-7337","","","","1","1","1","","4"
"GUA-8","ALDOS DE ITALIA S,A.","","2433-0725","","","","3","1","1","","4"
"XCO-509","FARMACIA PAZ RODRIGUEZ VALDEZ  S,A.","","4602-1895","","","","1","1","1","","4"
"GUA-508","EXPORTADORA ENLASA S,A.","","2328-1800","","","","3","1","1","","4"
"XCO-509","FARMACIA PAZ RODRIGUEZ VALDEZ  S,A.","","4602-1895","","","","1","1","1","","4"
"XCO-510","SOFI COSMETICOS","","5077-5150","","","","1","1","1","","4"
"XCO-511","EDWIN DIAZ","","4653-6364","","","","1","1","1","","4"
"XCO-512","EDITORIAL SENDA DE VIDA","","2440-7678","","","","1","1","1","","4"
"XCO-513","FERNANDA DE LEON","","5591-7260","","","","1","1","1","","4"
"XCO-514","EDWIN LOPEZ","","4426-0187","","","","1","1","1","","4"
"XCO-515","ODALIS DIAZ","","5381-1609","","","","1","1","1","","4"
"XCO-516","MARIA FERNANDA SALVATIERRA","","5641-8411","","","","1","1","1","","4"
"XCO-517","AZUL TURQUESA","","2258-8268","","","","1","1","1","","4"
"CON-518","AZUL TURQUESA","","2258-8268","","","","2","1","1","","4"
"XCO-519","HELLEN SOSA","","5744-1253","","","","1","1","1","","4"
"XCO-520","IRMA CARINA PALMA NOVA","","5807-7562","","","","1","1","1","","4"
"XCO-521","ASGREN","","5933-8543","","","","1","1","1","","4"
"XCO-522","CHINA DEPOT","","4445-5558","","","","1","1","1","","4"
"XCO-523","TU ESTILO","","4257-5832","","","","1","1","1","","4"
"XCO-86","CAPAS CICLON","","2285-0114","","","","1","1","1","","4"
"XCO-20","ECOINNOVACIONES","","3513-2923","","","","1","1","1","","4"
"XCO-21","BEAUTY STEEL","","2476-6507","","","","1","1","1","","4"
"XCO-23","POLAIRE","","2293-9008","","","","1","1","1","","4"
"XCO-51","DE TODO PARA TUS MOÐOS GT","","4223-9173","","","","1","1","1","","4"
"CON-524","ALMACEN CENTRO TELAS // TISSU S,A.","","2230-1292 // 2230-6674","","","","2","1","1","","4"
"XCO-525","GOLDEN PLATE","","5495-9047","","","","1","1","1","","4"
"XCO-526","MARGARITA BENEDETTI","","3013-3544","","","","1","1","1","","4"
"CON-527","DISTRIBUIDORA FABY","","2253-7775","","","","2","1","1","","4"
"XCO-528","CUERINAS Y TAPICES","","5700-2626","","","","1","1","1","","4"
"XCO-529","S.Y.F SUPLIES","","5918-3173","","","","1","1","1","","4"
"XCO-530","GRUPO TEXTIL GUATEMALA","","5105-8523","","","","1","1","1","","4"
"XCO-531","IMPORTADORA SURTIPARTES","","2471-4912","","","","1","1","1","","4"
"CON-532","FASHIONISTA/WALLQUIRIA","","5336-5743","","","","2","1","1","","4"
"XCO-533","MAQUIPARTS S,A.","","2220-9726","","","","1","1","1","","4"
"XCO-534","SABORES COSCO DE GUATEMALA S,A.","","2500-5600","","","","1","1","1","","4"
"XCO-535","MAXICAR","","5841-4663","","","","1","1","1","","4"
"XCO-536","ALMACEN EL CISNE BLANCO","","2253-8593","","","","1","1","1","","4"
"XCO-537","ALMACEN SELENA","","2220-9456","","","","1","1","1","","4"
"XCO-538","REGEPLAST","","2312-9000","","","","1","1","1","","4"
"XCO-539","VANESA PALMA","","4079-8157","","","","1","1","1","","4"
"XCO-540","SOLPRO S,A.","","6635-2163","","","","1","1","1","","2"
"XCO-541","IMPORTADORA Y EXPORTADORA ROQUESA","","6676-5361","","","","1","1","1","","4"
"XCO-542","VIVERO JAHS GARDEN","","3082-8689","","","","1","1","1","","4"
"XCO-543","ALMACEN EL PUNTO","","2220-4851","","","","1","1","1","","4"
"XCO-544","URBANIZADORA VALLE DE ORIENTE S,A.","","5521-7605","","","","1","1","1","","4"
"XCO-545","NOBLESE","","2230-2583","","","","1","1","1","","4"
"GUA-546","SOLMER","","2251-3011","","EUGENIA SOLIS","","3","1","1","","4"
"GUA-547","TRANSPORTES WHITE // WALTER WRIGHT S,A.","","6610-0300","","","","3","1","1","","4"
"XCO-548","MIA SECRET//JL INTERNACIONAL S,A","","4114-8129","","","","1","1","1","","1"
"CON-549","GRUPO CUSTOM","","2217-6100","","","","2","1","1","","4"
"XCO-550","EDDY LEM","","2326-9200","","","","1","1","1","","4"
"XCO-551","OLINE FEMME","","4035-0662","","","","1","1","1","","4"
"XCO-552","INTER CONTINENTAL IMPEX  S,A.","","2220-6259","","","","1","1","1","","4"
"XCO-553","DISTRIBUIDORA DE GUATEMALA","","2221-0548","","","","1","1","1","","4"
"XCO-554","ALMACEN TODO EL MUNDO","","2253-6782","","","","1","1","1","","4"
"XCO-555","WONMI","","5704-4884","","","","1","1","1","","4"
"XCO-556","ALMACEN EL GANADOR","","5372-1234","","","","1","1","1","","4"
"XCO-558","DISTRIBUIDORA FLORIDA","","3667-4352","","","","1","1","1","","4"
"XCO-559","IMPORTADORA INTERPACAS // JASMIN URIAS","","4773-9110","","","","1","1","1","","4"
"XCO-560","IMPORTADORA HIFARGO S,A.","","2251-8414","","","","1","1","1","","4"
"XCO-561","DISTRIBUIDORA NOVATEX S,A.","","2253-7717","","","","1","1","1","","4"
"XCO-562","BIOMERCANTIL  S,A.","","6620-5830","","","","1","1","1","","4"
"XCO-563","FACONTEX","","2221-3500","","","","1","1","1","","4"
"XCO-564","COLECCION TEXTIL / DAVID GALVEZ","","3012-1249","","","","1","1","1","","4"
"XCO-565","IMPORTADORA BARTOLA","","4943-7065","","","","1","1","1","","4"
"CON-566","WILBER LOPEZ / PELETERIA GENESIS","","5575-7326","","","","2","1","1","","4"
"CON-568","VINICOLA CENTROAMERICANA S,A.","","2315-7000","","","","2","1","1","","4"
"XCO-567","UNIMARK","","2442-3483","","","","1","1","1","","4"
"XCO-569","REFAMA REPUESTOS S,A.","","6635-4386","","","","1","1","1","","4"
"XCO-570","RUJAF S,A.","","6635-4569","","","","1","1","1","","4"
"XCO-571","MANANTIAL DE LA CULTURA S,A.","","2238-6100","","","","1","1","1","","4"
"XCO-572","ALMACEN EL CISNE","","5462-1813//57682232","","","","1","1","1","","4"
"XCO-573","ALMACEN LI","","2238-2606","","","","1","1","1","","4"
"XCO-574","MARIEL RODAS // KAIROS","","4230-7388","","","","1","1","1","","4"
"XCO-575","INCOMER","","2295-9982","","","","1","1","1","","4"
"XCO-576","GLOBAL IMPORTADORA EBEN EZER","","2253-2117","","","","1","1","1","","4"
"XCO-577","EL NAYLON S,A.","","2253-5402","","","","1","1","1","","4"
"CON-578","INCOMER","","2295-9982","","","","2","1","1","","4"
"XCO-579","CHIPS","","6664-5151","","","","1","1","1","","4"
"XCO-580","KASLEMAL","","4481-1563","","","","1","1","1","","4"
"CON-581","CONFECCIONES JHON ALBERT","","5359-8364","","","","2","1","1","","4"
"XCO-582","ALMACEN NUMERO UNO","","2232-1067","","","","1","1","1","","4"
"XCO-583","WAN XIN","","2221-0405","","","","1","1","1","","4"
"XCO-584","VARIEDADES ARCO IRIS","","5706-7600","","","","1","1","1","","4"
"XCO-585","SUPER REPUESTOS ADVANCE  S,.A.","","4211-5945","","","","1","1","1","","4"
"XCO-586","ALENRO","","2225-0400","","","","1","1","1","","4"
"XCO-587","CARGAS UNIVERSALES","","2253-0796","","","","1","1","1","","4"
"GUA-588","MILLENIUM","","2445-4422","","","","3","1","1","","3"
"XCO-589","DOS MARES S,A.","","2228-6837","","","","1","1","1","","4"
"XCO-590","LOPSA","","5300-2919","","","","1","1","1","","4"
"XCO-591","ABRIAS IMPORT","","5038-1310","","","","1","1","1","","4"
"XCO-592","GOLD STAR","","5036-2452","","","","1","1","1","","4"
"XCO-593","IMPORTADORA SACA S,A.","","2232-8938","","","","1","1","1","","4"
"XCO-595","SOLUCIONES PARA MUEBLES  S,A.","","2229-2900","","","","1","1","1","","4"
"XCO-596","IMPORTADORA QUIÐONEZ","","2440-5993","","","","1","1","1","","4"
"XCO-597","DISTRIBUCIONES INDUSTRIALES VARIABLES S,A.","","6637-5282","","","","1","1","1","","4"
"XCO-598","RESORTES UNIVERSALES","","5206-1238","","","","1","1","1","","4"
"XCO-599","SAGRAN //CEGUREX","","2230-4438","","","","1","1","1","","4"
"GUA-594","MEDICIN FARMACEUTICA S,A.","","2202-8383","","","","3","1","1","","1"
"XCO-600","ROGER ALECIO","","7736-3960","","","","1","1","1","","4"
"XCO-601","PLASTICS AND MOLDS S,A.","","3009-8652","","","","1","1","1","","4"
"XCO-602","CAFE BAR GUATEMALA","","2311-3300","","","","1","1","1","","4"
"XCO-603","JEANS COLOMBIA 502","","4116-5881","","","","1","1","1","","4"
"XCO-604","MODA CASASOLA","","4102-9463","","","","1","1","1","","4"
"XCO-605","FRAGANCIAS EXPRESS GT","","4444-9667","","","","1","1","1","","4"
"XCO-606","LATINA""S FASHION S,A.","","2230-4755","","","","1","1","1","","4"
"XCO-607","CORPORACION NOVIEMBRE  NUEVE S,A.","","2304-4100","","","","1","1","1","","4"
"XCO-608","CONCRETOS Y MATERIALES","","4861-6713","","","","1","1","1","","4"
"CON-609","EL SHAMS","","4126-4669","","","","2","1","1","","4"
"XCO-610","EL SHAMS","","4126-4669","","","","1","1","1","","4"
"XCO-612","ELECTRONICO AVP","","5038-1310","","","","1","1","1","","4"
"XCO-613","MYNOR MENCHU","","50989-9943","","CIUDAD","","1","1","1","","4"
"XCO-614","LACETEX","","2226-3300","","","","1","1","1","","4"
"XCO-615","EUROSUELAS","","2230-3935","","","","1","1","1","","4"
"XCO-616","VARIEDADES MELGAR /// ALEJANDRA MELGAR","","5549-9469","","","","1","1","1","","4"
"XCO-617","ZANTMARO EDICIONES S,A","","2474-8620","","","","1","1","1","","4"
"XCO-618","CHAPINITA 502 // LUU MONTE","","5136-9048","","","","1","1","1","","4"
"XCO-611","BONITA GT","","4581-8042","","","","1","1","1","","4"
"GUA-619","MANANTIAL DE LA CULTURA S,A.","","2238-6100","","LIDIA ARANA","","3","1","1","","4"
"CON-620","SHURA TECNOLOGIA","","5459-9640","","","","2","1","1","","4"
"CON-621","CLINICA MEDICA Y LABORATORIO DE PATOLOGIA Y CITOLOGIA EXFOLIATIVA","","2230-0031","","","","2","1","1","","4"
"XCO-623","SISTEMAS INTERACTIVOS","","5594-8163","","FILOMENA TZUY","","1","1","1","","4"
"XCO-624","PROINCA S,A.A","","2251-5318","","","","1","1","1","","4"
"XCO-625","INDUSTRIAS PAMARCO S,A.A","","2253-4313","","","","1","1","1","","4"
"XCO-626","MY HOME","","4477-6242","","","","1","1","1","","4"
"XCO-627","FIESTA KANU","","2230-4673","","","","1","1","1","","4"
"XCO-628","JOSE JEREZ // DISTRIBUIDORA JIREH","","4763-1659","","","","1","1","1","","4"
"CON-629","JOSE JEREZ//DISTRIBUIDORA JIREH","","4763-1659","","","","2","1","1","","4"
"XCO-630","LOURDES LOPEZ","","5578-3885","","","","1","1","1","","4"
"XCO-631","EVER GONZALEZ","","5345-3952","","","","1","1","1","","4"
"XCO-632","WILMER LOPEZ","","5989-9233","","","","1","1","1","","4"
"XCO-633","PANDA COLOR","","2507-9500","","","","1","1","1","","4"
"XCO-634","DISTRIBUCIONES Y REPRESENTACIONES IBEROAMERICANAS","","2444-4500","","NELY","","1","1","1","","4"
"PRE-635","LIBROS RESTAURACION","","7821-5069","","NIT 8900961-4","","4","1","1","","3"
"XCO-636","KANU S,A.","","2508-2052","","HENRY CAAL","","1","1","1","","4"
"XCO-637","PRODUCTOS ILIMITADOS","","3230-1308","","MANUEL MENDEZ","","1","1","1","","4"
"XCO-638","INGRID LEON","","2220-6490","","INGRID LEON","","1","1","1","","4"
"XCO-639","ALMACEN LA PALMA","","2232-1109","","RUTH CORTEZ","","1","1","1","","4"
"XCO-640","SHEILY CASTAÐEDA","","5570-6189","","SHEILY CASTAÐEDA","","1","1","1","","4"
"XCO-641","LOPEZ EXPRESS","","5517-4116","","WILLIAMS LOPEZ","","1","1","1","","4"
"CON-643","ZAFRA GUATE","","4725-3064","","JOSUE HURTADO","","2","1","1","","4"
"XCO-644","MUEBLE CENTER","","5872-5244","","","","1","1","1","","4"
"XCO-645","ISABEL CHAVEZ","","4769-2788","","","","1","1","1","","4"
"PRE-646","ASGREN","","5933-8543","","","","4","1","1","","4"
"XCO-647","VARIEDADES BERACA","","5895-2884","","","","1","1","1","","4"
"XCO-648","REPUESTOS SAN JOSE // SERVICIOS MERCANTILES DE CENTRO AMERICA","","2324-7535","","","","1","1","1","","4"
"XCO-649","IMPORTADORA Y DISTRIBUIDORA MAHANAIM","","2329-4700","","","","1","1","1","","4"
"XCO-650","BOX SECURITY","","2234-6801","","","","1","1","1","","4"
"CON-651","MULTIPRODUCTOS HOSPITALARIOS E INDUSTRIALES S,A.","","2316-8904","","","","2","1","1","","1"
"XCO-652","DURAGUATE","","2431-4481","","HENRY","","1","1","1","","4"
"CON-653","DURAGUATE","","2431-4481","","HENRY","","2","1","1","","4"
"XCO-655","INDUSTRIAL CHEMICAL PRODUCTS","","2382-0900","","JUDITH MORAN","","1","1","1","","4"
"XCO-656","DECORAFLORES","","7872-3763","","VIVIAN MIRON","","1","1","1","","4"
"XCO-657","JOLIVER MORALES","","5920-9229","","JOLIVER MORALES","","1","1","1","","4"
"XCO-658","EVELING MALDONADO","","5699-5211","","EVELING MALDONADO","","1","1","1","","4"
"CON-659","GANORSA","","5907-4012","","CESAR MORALES","","2","1","1","","4"
"XCO-660","LIBRERIA Y PAPELERIA EMELY","","5560-2837","","RAQUEL CASTRO","","1","1","1","","4"
"CON-661","DENISE RODRIGUEZ","","5828-3975","","DENISE RODRIGUEZ","","2","1","1","","4"
"XCO-662","DISTRONIC","","7771-1446","","JONY GAMBOA","","1","1","1","","4"
"CON-663","LABORATORIO LASANA","","2292-1702","","NANCY CASTILLO","","2","1","1","","4"
"CON-664","DISTRIBUIDORA LAS MERCEDES","","5017-0377","","","","2","1","1","","4"
"XCO-665","JOYERIA Y DETALLES GUATEMALA","","4537-6001","","","","1","1","1","","4"
"XCO-666","MUNDO MATERNAL GUATEMALA","","5665-3111","","","","1","1","1","","4"
"XCO-667","ARPROSI","","2219-6974","","YOHANA","","1","1","1","","4"
"CON-668","CORPORACION PLASTICOS","","5128-6321","","FERNANDO P.","","2","1","1","","4"
"XCO-669","TELAS LAFAYETTE DE GUATEMALA","","2228-6095","","KAREN BORRAYO","","1","1","1","","3"
"GUA-670","OFIMEDIC","","2432-8626","","CARLOS SOLORZANO","","3","1","1","","4"
"XCO-671","COMERCIALIZADORA J.A. VASQUEZ","","4497-5242","","","","1","1","1","","4"
"GUA-672","CINTAMAX","","2319-0505","","BRIA RODOLFO BARRIIOS QUEVEDO","","3","1","1","","4"
"XCO-673","TUBELITE S,A","","2326-8400","","ANDRES CARIAS","","1","1","1","","4"
"XCO-674","SAUL HERNANDEZ","","4479-2552","","TANIA PORTALES","","1","1","1","","4"
"XCO-675","LA PARFUMERIE","","5599-6356","","CINTHIA AGUILAR","","1","1","1","","4"
"XCO-676","ELDER DE LA CRUZ / ETIKA","","4768-0454","","ELDER DE LA CRUZ","","1","1","1","","4"
"XCO-677","TEMSA","","2334-3484","","ONOFRE PAREDES","","1","1","1","","4"
"XCO-678","DISLASA","","2491-2222","","MARTA GUZMAN","","1","1","1","","4"
"XCO-680","FERRETERIA ARREOLA","","2233-7498","","CARLOS JOSUE ARREOLA ILLESCAS","","1","1","1","","4"
"GUA-681","CORPORACION ANSARO","","2216-2727","","CAREN LEON ARCHILA","","3","1","1","","3"
"CON-682","DISTRIBUIDORA DEL CARIBE  DE GUATEMALA","","2253-3926","","","","2","1","1","","4"
"XCO-683","DISTRIBUIDORA DEL CARIBE DE GUATEMALA","","2553-3926","","","","1","1","1","","4"
"XCO-684","TECNIFIL","","2509-2149","","TECNIFIL","","1","1","1","","4"
"CON-685","TECNIFIL","","2509-2149","","","","2","1","1","","4"
"XCO-686","ARAD IMPORTADORA // PLATINUM 365","","4640-5474","","WENDY YANES","","1","1","1","","4"
"CON-687","ARAD IMPORTADORA // PLATINUM 365","","4640-5474","","WENDY YANES","","2","1","1","","4"
"ESC-688","IMPORTADORA NORTE","","2477-2400","","","","3","1","1","","3"
"GUA-689","DISTRIBUIDORA R Y R","","6629-2810","","ROBERTO MORATAYA","","3","1","1","","3"
"GUA-690","ADIR INTERNACIONAL DE GUATEMALA, CIA, LTDA","","2433-9614","","MANUEL URIZAR","","3","1","1","","4"
"XCO-691","INCOVA","","5482-6569","","JULIA VASQUEZ","","1","1","1","","3"
"XCO-692","LABORATORIO CALIDAD QUIMICA S,A.","","","","","","1","1","1","","4"
"XCO-693","MAYOREO D Y T","","5472-5924","","DARLIN VASQUEZ","","1","1","1","","4"
"CON-694","IMPORTACIONES D Y T","","5472-5924","","DARLIN VASQUEZ","","2","1","1","","4"
"XCO-695","WACHALAL //FUENTES DEL ESTILO S,A.","","2208-3434","","ADRIANA CASTILLO","","1","1","1","","3"
"CON-696","XC FASHION","","","","MARIO GOMEZ","","2","1","1","","4"
"XCO-697","XC FASHION","","","","MARIO GOMES","","1","1","1","","4"
"CON-698","FARMACEUTICA MAR, S.A.","","2490-3535","","","","2","1","1","","3"
"XCO-699","CALZADO RAQUEL","","4261-5835","","EDELMA RAQUEL MAYEN","","1","1","1","","4"
"GUA-700","FOYER GUATEMALA, S,A.","","2217-0606","","GERARDO ARMANDO MORALES","","3","1","1","","4"
"XCO-701","GUATE COSAS","","4741-1795","","LOURDES DIAZ","","1","1","1","","4"
"PRE-702","IMPORTADORA Y EXPORTADORA MARROQUIN","","4769-7701","","EDUARDO MARROQUIN","","4","1","1","","4"
"PRE-703","VELVETH PALMA","","5579-9217","","","","4","1","1","","3"
"PRE-704","IMPOMARCAS","","5015-6835","","","","4","1","1","","3"
"PRE-705","A LA MODA GT","","5633-8386","","KELLY DE PAZ","","4","1","1","","3"
"GUA-706","COMERCIALIZADORA BIOAGRO","","2212-4583","","LUCRECIA GALICIA","","3","1","1","","3"
"XCO-707","DE TODO PARA EL CABELLO","","","","","","1","1","1","","3"
"XCO-708","DALIA MUÐOZ","","4009-9195","","","","1","1","1","","3"
"PRE-709","PRODUCTOS VAISER","","5731-2221","","","","4","1","1","","3"
"XCO-710","CARLOS GIRON // CROCS GIRON","","4199-5857","","","","1","1","1","","4"
"XCO-711","SURJA","","7889-3026","","JAYRON ALBERTO MARROQUIN MURALLES","","1","1","1","","4"
"CON-712","PESAS CASERAS GT","","5574-9665","","ANDREA GODINEZ","","2","1","1","","4"
"XCO-713","PESAS CASERAS GT","","5574-9665","","ANDREA GODINEZ","","1","1","1","","4"
"XCO-714","WORLD OF THE FASHION /// LOVE DELUXE","","58123539","","CARLOS MAURICIO HURTADO // FLORIDALMA RAMOS","","1","1","1","","3"
"XCO-716","TEXTILES Y TELAS S,A.// TEXTELA","","2232-4941","","ALEJANDRO AGUILAR","","1","1","1","","4"
"XCO-717","ALMACEN GUANA CHAPIN","","4936-8955","","GLORIA ESTELA CRUZ ALDANA","","1","1","1","","4"
"XCO-719","LA CASA DE LOS HILOS","","5016-0822","","FLORY PECHE","","1","1","1","","4"
"XCO-721","ALMACEN FELIZ","","58915800","","JULIO CHOCON","","1","1","1","","4"
"CON-722","GUILLERMO VALENZUELA","","5000-2520","","GUILLERMO VALENZUELA","","2","1","1","","4"
"XCO-723","EMMA MARCOLFA ROMERO","","4770-2924","","EMMA MARCOLFA ROMERO","","1","1","1","","3"
"XCO-724","COMERCIAL EL CASTAÐO","","4175-5631","","PABLO CASTAÐON","","1","1","1","","4"
"XCO-720","LA PERLA","","3367-8183","","","","1","1","1","","4"
"XCO-726","KALA JOYERIA ONLINE","","5787-5211","","SINSY PAOLA CORTEZ  VASQUEZ","","1","1","1","","4"
"XCO-727","SANTIS SHOP","","5611-4089","","ROLANDO DE LEON","","1","1","1","","4"
"XCO-728","ACCESORIIOS BONITA","","4137-7646","","MADELIN YOHANA MOREJON SILIEZAR","","1","1","1","","4"
"XCO-729","ALBA CARDONA","","4721-7980","","ALBA CARDONA","","1","1","1","","4"
"XCO-730","EL MUNDO DE LAS FANTACIAS","","2220-3414","","MAYRA GONZALEZ","","1","1","1","","4"
"XCO-731","RENOVART GT","","4713-9426/5480-6367","","KIMBERLY ESCOBAR /FREDY RODAS","","1","1","1","","4"
"PRE-732","COMERCIALIZADORA BIOAGRO","","5574-9736","","ARMANDO DELGADO","","4","1","1","","4"
"PRE-733","COMERCIALIZADORA BIOAGRO","","5574-9736","","ARMANDO DELGADO","","4","1","1","","4"
"XCO-734","NANCY MELISSA OBREGON","","5692-5857","","NANCY OBREGON","","1","1","1","","4"
"XCO-735","LA TIENDA DE ALESSANDRO","","5516-2557","","IVANNA FAJARDO","","1","1","1","","4"
"XCO-736","VARIEDADES RD","","55914242","","FELIPE RAMIREZ","","1","1","1","","4"
"XCO-738","TENDENCIAS G.T. ROPA Y ACCESORIOS","","3060-3072/ 5944-7988","","NANCY REVOLORIO/ HEISY STEPHANIE CIFUENTES","","1","1","1","","4"
"XCO-739","SOFIA STORE Y TERNURITAS GT","","4444-6368/3614-5211","","FRANCISCO ABDIEL PEREZ / DINA RAQUEL ARMIRA","","1","1","1","","4"
"XCO-740","KATHERINE ONLINE STORE","","4597-9001","","KATERIN JOHANA DIAZ CASTILLO","","1","1","1","","4"
"XCO-742","ALMACEN LISSATEX","","4003-9312","","MAYRA CARRANZA","","1","1","1","","4"
"XCO-743","KERAFRUT","","4786-1303","","LUIS OROZCO","","1","1","1","","4"
"XCO-744","COMERCIALIZADORA JIREH M Y A S.A.","","5547-7969","","ALBERTO GONZALEZ","","1","1","1","","4"
"PRE-745","502 AUTO PARTS S,A.","","4135-1334","","","","4","1","1","","3"
"XCO-746","DISTRIBUIDORA COMERCIAL MORATAYA","","4026-2350","","JUAN ANTONIO MORATAYA ORANTES","","1","1","1","","4"
"XCO-747","CHANG┤S STORE","","5894-4778","","ALEJANDRA CHANG","","1","1","1","","4"
"XCO-748","DELICIAS LORENS","","4298-5740","","INGRID LORENA PEREZ MORALES","","1","1","1","","4"
"XCO-749","PACAMSA","","2508-2052","","MARIELENA DE CAAL","","1","1","1","","4"
"XCO-752","PACAMSA","","2508-2052","","MARIELENA DE CAAL","","1","1","1","","4"
"XCO-751","LIBRERIA ANDREA","","4113-5672","","BEVERLY ANDREA MORATAYA DE ESTRADA","","1","1","1","","4"
"XCO-743","KERAFRUT","","4786-1303","","LUIS OROZCO","","1","1","1","","4"
"XCO-753","MASHE STORE","","5341-6269","","MICHELLE SANDOVAL","","1","1","1","","4"
"GUA-8577","ANULADO","","ANULADO","","ANULADO","","3","1","1","","4"
"PRE-754","COSMIC TRADING COMPANY, S.A. / EL DRAGON LUCES CHINAS","","2472-5165","","BORIS DIEGUEZ","","4","1","1","","4"
"PRE-755","COSMIC TRADING COMPANY, S.A. / EL DRAGON LUCES CHINAS","","2472-5165","","BORIS DIEGUEZ","","4","1","1","","4"
"GUA-756","IMPORTADORA Y EXPORTADORA GIL. S.A.","","2382-8900","","EDGAR ROLANDO FLORES","","3","1","1","","4"
"GUA-757","IMPORTADORA Y EXPORTADORA GIL. S.A.","","2382-8900","","EDGAR ROLANDO FLORES","","3","1","1","","4"
"XCO-758","MAFER BOUTIQUE","","4696-1317","","ASTRID FABIOLA NAVARRO","","1","1","1","","4"
"XCO-759","LOYDA STORE","","3031-7795","","LOYDA EUNICE QUIROA MARROQUIN","","1","1","1","","4"
"CON-761","DISTRIBUIDORA DE PINTRUAS S.A.","","2362-5020","","ROLANDO LAPARRA","","2","1","1","","4"
"XCO-762","ACCESORIOS Y MODA MC","","4158-7794","","MARTHA CONSUELO ESCOBAR CHAPETON","","1","1","1","","4"
"XCO-763","AGROCOMERCIALIZADORA JEHOVA SHALON","","40048482","","DERVIN MAGDIEL AJCHUP LEMUS","","1","1","1","","4"
"CON-764","AGROCOMERCIALIZADORA JEHOVA SHALON","","40048482","","DERVIN MAGIDEL AJCHUP LEMUS","","2","1","1","","4"
"XCO-765","CELASA, INGENIERIA Y EQUIPOS, S.A.","","2215-3651 / 2270-7715","","IVAN CALDERON","","1","1","1","","4"
"GUA-766","CELASA, INGENIERIA Y EQUIPOS, S.A.","","2215-3651/2270-7715","","IVAN CALDERON","","3","1","1","","4"
"XCO-767","ZUCCHELLI ALPHA DE GUATEMALA, S.A.","","2390-9190/4167-6993","","SINDY CORADO","","1","1","1","","4"
"XCO-768","RUT STORE","","5634-6248","","RUT MARTINEZ","","1","1","1","","4"
"XCO-769","RENES MOX","","5942-5500","","OSCAR RENE XILOJ MOX","","1","1","1","","4"
"CON-770","RENES MOX","","5942-5500","","OSCAR RENE XILOJ MOX","","2","1","1","","4"
"XCO-771","TEXTILES Y CONFECCIONES ISAND","","5866-7627","","BRENDA ANALI CARDENAS RUANO","","1","1","1","","4"
"XCO-772","OPPY GT","","5569-7082","","EVELYN TEJEDA REYES","","1","1","1","","4"
"XCO-773","WOKIE STORE G.T.","","59540001","","ALEJANDRA GARCIA","","1","1","1","","4"
"XCO-774","GERARDITO VARIEDADES","","4169-5199","","HARLYN MELENDEZ","","1","1","1","","4"
"CON-775","VARIEDADES EMMANUEL","","3203-9407 / 4227-0082","","ANA PATRICIA RAYMUNDO LOPEZ","","2","1","1","","4"
"XCO-776","VARIEDADES EMMANUEL","","3203-9407 / 42270082","","ANA PATRICIA RAYMUNDO LOPEZ","","1","1","1","","4"
"XCO-777","J.P. ARREDONDO","","5442-7246","","JUAN PABLO ARREDONDO LOPEZ","","1","1","1","","4"
"XCO-778","IMPORTADORA GROW502","","30395783","","KEVIN HERNANDEZ","","1","1","1","","4"
"XCO-779","DAPHNE STORE","","5447-8522","","ELIZABETH GOMEZ","","1","1","1","","4"
"CON-780","BIOAGRO, S.A.","","2212-4583","","","","2","1","1","","3"
"XCO-781","FARMACEUTICA MAR, S.A.","","2490-3535","","","","1","1","1","","3"
"XCO-782","EUGENIA MONGE","","5503-6684","","","","1","1","1","","3"
"XCO-784","POPE SHOP","","4273-2944","","","","1","1","1","","3"
"XCO-786","MANUFACTURAS TEXTILES PERFECTA, S.A.","","2382-2351","","LEONEL MONTERROSO","","1","1","1","","3"
"XCO-787","MULTIREPUESTOS ALVAREZ S.A","","2234-9585","","GERBER RAMOS","","1","1","1","","3"
"CON-788","IMPORTADORA NORTE, S.A.","","2477-2400","","ANA AROCHE","","2","1","1","","3"
"XEL-789","EL ZEPPELIN , S.A.","","7873-7600","","LIDIA MEJIA","","3","1","1","","4"
"GUA-790","SERVICAT, S.A.","","2415-6565","","MARIO VILLATORO","","3","1","1","","4"
"XCO-791","SOLUCIONES LAGNET, S.A.","","5417-0850","","LUIS GATICA","","1","1","1","","4"
"CON-792","NATALI ROPA Y ACCESORIOS","","5455-8346","","SIRLY MAZARIEGOS","","2","1","1","","4"
"XCO-793","NATALI ROPA Y ACCESORIOS","","5455-8346","","SIRLY MAZARIEGOS","","1","1","1","","4"
"XCO-794","REPUESTOS EL PIBE","","3074-7121","","KEVIN HIDALGO","","1","1","1","","3"
"PRE-795","DISTRIBUIDORA DAKO","","5043-9992","","OSCAR RIVAS","","4","1","1","","3"
"XCO-796","DISTRIBUIDORA DAKO","","5043-9992","","OSCAR RIVAS","","1","1","1","","3"
"XCO-797","MIA SECRET","","2232-6338","","CECILIA VALENZUELA","","1","1","1","","1"
"CON-798","THECNO TIENDA","","57646782","","ERWIN DARIO RALDA","","2","1","1","","4"
"XCO-799","THECNO TIENDA","","57646782","","ERWIN DARIO RALDA","","1","1","1","","4"
"CON-800","ISACELL TECNOLOGIA & MAS","","49184396","","ISAIAS LOPEZ","","2","1","1","","4"
"XCO-801","ISACELL TECNOLOGIA & MAS","","4918-4396","","ISAIAS LOPEZ","","1","1","1","","4"
"CON-802","AGRO VETERINARIA LA ESTANCIA","","5541-1154","","AUGUSTO PAIZ","","2","1","1","","4"
"XCO-803","AGRO VETERINARIA LA ESTANCIA","","5541-1154","","AUGUSTO PAIZ","","1","1","1","","4"
"CON-804","FARMACIA JOALSA","","5465-0473","","GLORIA POJOY","","2","1","1","","4"
"XCO-805","FARMACIA JOALSA","","5465-0473","","GLORIA POJOY","","1","1","1","","4"
"CON-806","ACZONE","","5003-95313","","KENNET AGUSTIN","","2","1","1","","4"
"XCO-807","ACCZONE","","5003-9531","","KENNET AGUSTIN","","1","1","1","","4"
"CON-810","PUROS S.V.","","3272-2217","","JORGE SALGUERO","","2","1","1","","3"
"XCO-811","MULTISERVICIOS IDEART","","4394-3053","","MARTHA HERNANDEZ","","1","1","1","","3"
"PRE-812","EL PORTAL DE LAS PRENDAS AMERICANAS","","7843-4430","","BRENDA GASPARICO","","4","1","1","","4"
"PRE-813","DISTRIBUIDORA HERNANDEZ","","4128-6185","","NOEMY HERNANDEZ","","4","1","1","","4"
"CON-814","ZANTMARO EDICIONES, S.A.","","2474-8620","","","","2","1","1","","3"
"PRE-815","EL PORTAL DE LAS PRENDAS AMERICANAS","","7843-4430","","MELISSA VALLEJOS","","4","1","1","","4"
"CON-820","HANDMADE U22","","4914-8080","","ELIZABETH JUAREZ","","2","1","1","","4"
"XCO-821","HANDMADE U22","","4914-8080","","ELIZABETH JUAREZ","","1","1","1","","4"
"XCO-822","RECONSTRUCTORA DE MOTORES MG, S.A.","","24274-2260","","JOSE AARON MORATAYA","","1","1","1","","3"
"PRE-823","REINA'S STORE","","5488-1263","","JACKELIN BLANCO","","4","1","1","","4"
"XCO-824","ROPA GUAPA","","4995-1065","","CRHSTIAN FERNANDO ORELLANA","","1","1","1","","3"
"XCO-825","NOVOPLAST","","2431-4051","","GUSTAVO GARCIA","","1","1","1","","4"
"XCO-826","ALMACEN EL TIGRE, S.A. / CAPAS CICLON","","5510-9260","","LORENA DE ANLEU","","1","1","1","","4"
"XCO-827","REPUSTOS GARCIA","","3023-4094","","JOEL CASIA","","1","1","1","","4"
"XCO-828","PEDRO BARCO","","5059-3362","","PEDRO BARCO","","1","1","1","","3"
"XCO-829","CORPORACION DE AUTO PARTES S.A.","","2336-1420","","CHRISTIAN CARBALLO","","1","1","1","","3"
"XCO-830","QUICKPLOT GT","","3586-9609","","ANSONY GARCIA","","1","1","1","","4"
"XCO-831","FREM-COLOR, S.A.","","2474-1671","","DINA VELASCO/ JAQUELINE SENTE/  SANDY  GUARCAX","","1","1","1","","3"
"XCO-832","CORPORACION GRAFICA DE CALENDARIOS, S.A.","","22959268/35419899","","EDWIN  CARLOS RODRIGUEZ SANCHEZ","","1","1","1","","4"
"CON-833","CORPORACION GRAFICA DE CALENDARIOS, S.A.","","2295-9268//3541-9899","","EDWIN CARLOS RODRIGUEZ   SANCHEZ","","2","1","1","","4"
"XCO-834","EXPORT CIFUENTES","","3410840-8","","ARMANDO ADEMAR BARRIOS  OVALLE","","1","1","1","","4"
"CON-835","EXPORT CIFUENTES","","3410840-8","","ARMANDO ADEMAR BARRIOS OVALLE","","2","1","1","","4"
"XCO-837","LA GOSPA","","41548167","","ALFREDO  VASQUEZ","","1","1","1","","4"
"CON-838","LA GOSPA","","41548167","","ALFREDO VASQUEZ","","2","1","1","","4"
"XCO-839","ANYELA MAYOREO","","41851655","","GRACIELA  PEREZ MONTAÐEZ","","1","1","1","","4"
"CON-840","INOVSA","","49337931","","RENAN EDGARDO NOVA CASTRO","","2","1","1","","3"
"CON-841","DISPROFARMA","","42546598","","JOSE MARIA ALVIZURES","","2","1","1","","3"
"XCO-842","DROGUERIA BENDICION Y FE S.A.","","5923-2128","","CESAR ROMAN","","1","1","1","","1"
"XCO-843","DISMAJO, S.A.","","6671-4545","","LUIS LIMA","","1","1","1","","4"
"XCO-844","COMERCIAL EL EXITO","","4297-3083","","JOSSELYN MORALES","","1","1","1","","3"
"CON-845","INVERSIONES MAELY, S.A.","","3015-9630","","ISRAEL RUIZ","","2","1","1","","3"
"XCO-846","EKA REPOSTERIA","","4216-9573","","ESTER BUEZO","","1","1","1","","3"
"XCO-847","ALMACEN SULTANA","","2232-7165","","GLORIA GONZALEZ","","1","1","1","","4"
"CON-848","MEGA GANGAS","","3096-6316","","LAURA TRABANINO","","2","1","1","","4"
"JUT-849","MEGA GANGAS","","3096-636","","LAURA TRABANINO","","3","1","1","","4"
"CON-850","EMMA MARCOLFA ROMERO","","4770-2924","","EMMA MARCOLFA ROMERO","","2","1","1","","4"
"CON-851","TRIC, S.A.","","2299-7100","","JLIO NOLCK","","2","1","1","","4"
"XCO-852","TRIC, S.A.","","2299-7100","","JULIO SENCIO NOLCK","","1","1","1","","4"
"XCO-853","TEA SHOP","","2227-9418//57084766","","CAROL NAJMAN","","1","1","1","","4"
"CON-854","TEA SHOP","","2227-9418//57084766","","CAROL NAJMAN","","2","1","1","","4"
"XCO-855","XS AUDIO","","2296-0556 / 57","","LESVIA SEQUEN","","1","1","1","","3"
"XCO-856","FRANCISCO VALENZUELA","","5031-6618","","FRANCISCO VALENZUELA","","1","1","1","","3"
"CON-857","ERR","","4847-8346","","LUCY DE RUANO","","2","1","1","","4"
"XCO-858","ERR","","4847-8346//4670-4702","","LUCY DE RUANO","","1","1","1","","4"
"XCO-859","DISTRIBUIDORA DAVID","","5415-0208","","EDGAR GONZALEZ","","1","1","1","","3"
"XCO-860","IMPORAUTO","","3225-1928","","ISANEA DANALI REYES","","1","1","1","","3"
"XCO-861","TEXTILES AURY","","4640-0539","","AURY MUCIA UPUN","","1","1","1","","4"
"CON-862","TEXTILES AURY","","4640-0539","","AURY MUCIA UPUN","","2","1","1","","4"
"CON-863","IMPORTADORA LOR CARD S.A.","","3112-1103","","JOSE BUCHAN","","2","1","1","","3"
"XCO-864","CURIOSIDADES MARROQUIN","","4168-6167","","YADIRA MARROQUIN","","1","1","1","","4"
"CON-865","CURIOSIDADES MARROQUIN","","4168-6167","","YADIRA MARROQUIN","","2","1","1","","4"
"JUT-866","PRODUCTOS AGRICOLAS SAN FERNANDO, S.A.","","7843-4552","","ENIA LOPEZ","","3","1","1","","4"
"XCO-867","CATAS","","5120-5638","","CHRISTIAN DE PAZ LOPEZ","","1","1","1","","4"
"CON-868","CATAS","","5120-5638","","CHRISTIAN DE PAZ LOPEZ","","2","1","1","","4"
"XCO-869","LABORATORIO DE PATOLOGIA // DR. LUIS CASTILLO","","5308-0616","","DR LUIS CASTILLO","","1","1","1","","3"
"CON-870","ONCO PATH","","5308-0616","","DR. LUIS CASTILLO","","2","1","1","","3"
"GUA-871","ME ENCANTA ONLINE","","3371-7796","","CARLOS BAJXAC","","3","1","1","","3"
"XCO-872","SELEMSA","","2332-1889","","ALEX DAVID HERNANDEZ","","1","1","1","","4"
"CON-873","CHIC DOUSE","","5598-7473","","STEPHANY QUIÐONEZ","","2","1","1","","4"
"XCO-874","CHIC ROUSE","","5598-7473","","STEPHANY QUIÐONEZ","","1","1","1","","4"
"XCO-875","QUIMICOS DE ORIENTE","","4082-2465","","VILSA RAMIREZ","","1","1","1","","4"
"XCO-876","FERRETERIA HR LOPEZ","","4059-6836","","EDGAR LOPEZ","","1","1","1","","3"
"GUA-877","MORADA","","2211-2337","","BRYAN RODRIGUEZ","","3","1","1","","2"
"XCO-878","VENTAS ONLINE KARIN","","4239-2743","","KARIN VIRULA","","1","1","1","","4"
"CON-879","CARE COMPANY, S.A.","","6648-5600","","SANDRA MORATAYA","","2","1","1","","4"
"XCO-880","CARE COMPANY, S.A.","","6648-5600","","SANDRA MORATAYA","","1","1","1","","4"
"XCO-881","GRUPO SUNNY SEA","","5455-4559","","SHIRLEY ALVAREZ","","1","1","1","","3"
"XCO-882","LEGACY","","3194-4221","","LIDIA CECILIA SON","","1","1","1","","3"
"XCO-883","CALZADO ADRIANA","","5984-6929","","AMANDA TZUN CHANCHAVAC","","1","1","1","","2"
"XCO-884","TALLER ALVAREZ","","3399-9232","","ARIEL LOPEZ","","1","1","1","","3"
"XCO-885","SOLUCIOJNES COSMETICAS, S.A.","","2448-1341","","BERNABE MILIAN","","1","1","1","","3"
"XCO-886","MUEBLES GENESIS","","3246-8103","","ENLY EZEQUIEL MEJIA","","1","1","1","","2"
"XCO-887","DISTRIBUIDORA COQUETA","","2253-2439","","RUDY TUM","","1","1","1","","2"
"XCO-888","ORIENTAL DRAGON","","48123591","","JULIO ANTONIO","","1","1","1","","3"
"XCO-889","COMERCIAL MARANATHA TEXTILES","","31417469","","JUAN JOSE PASTOR TOC","","1","1","1","","2"
"XCO-891","CAR AUDIO TATO","","37622186","","WILLIAM PALENCIA","","1","1","1","","2"
"XCO-892","BABY MAYA AND HOME","","54660464","","JAIME SERRA","","1","1","1","","2"
"GUA-893","COMERCIALIZADORA BIOAGRO","","22124583","","OSMAR ANTONIO ORTIZ","","3","1","1","","3"
"XCO-894","ALMACENES VEYCO","","50670016","","ALBERTO ALVARADO","","1","1","1","","4"
"PRE-836","PUNTO X PUNTO","","47087954","","","","4","1","1","","4"
"XCO-895","SOLUCIONES COSMETICAS","","54191598//24481341","","JORGE ALVARADO","","1","1","1","","4"
"GUA-896","FELIPE RAMIREZ","","41145825","","FELPE RAMIREZ","","3","1","1","","2"
"CON-898","EDU-QUIMICA","","47639804","","JUAN JOSE DE DIOS MORALES","","2","1","1","","4"
"XCO-899","MULTIFIBRA S.A. GUATEMALA","","47418813","","GUSTAVO ARIAS","","1","1","1","","2"
"XCO-900","DISTRIBUIDORA LA MOCOSA","","47135349","","RODRIGO HORACIO REAL SANTIAGO","","1","1","1","","2"
"XCO-901","INVERSIONES ROSY S.A.","","37505177","","SYNDY NINOSKA ZUÐIGA","","1","1","1","","2"
"CON-902","DE METAL","","79425194","","SENDER ORRELLANA","","2","1","1","","2"
"XCO-903","COMERCIAL NARU","","45256812","","WILLIAM SOSA","","1","1","1","","2"
"XCO-904","DE METAL","","79425194","","SENDER ORELLANA","","1","1","1","","2"
"CON-905","VARIEDADES ANY","","53440416","","ANA GUARDADO","","2","1","1","","4"
"XCO-906","VARIEDADES ANY","","5344-0416","","ANA GUARDADO","","1","1","1","","4"
"CON-907","LABORATORIO DENTAL RENACE","","24648181","","ISABEL GUTIERREZ","","2","1","1","","3"
"XCO-908","LABORATORIO DENTAL RENACE","","24648181","","ISABEL GUTIERREZ","","1","1","1","","3"
"XCO-909","MAXIMO MAYOREO COMUN, S.A.","","55542828","","EDGAR GOMEZ","","1","1","1","","3"
"CON-910","ALMACEN EL FESTIVAL","","22303361","","ZULLY PEÐA","","2","1","1","","2"
"XCO-911","ALMACEN EL FESTIVAL","","22303361","","ZULLY PEÐA","","1","1","1","","2"
"XCO-912","NYCOLLECTION/ NOVEDADES LAS GUAPAS","","54855291","","MIRNA LILIANA LOL VICENTE","","1","1","1","","2"
"CON-913","PACA EXPRESS","","30295193","","MARIO GONZALEZ","","2","1","1","","2"
"XCO-914","PACA EXPRESS","","30295193","","MARIO GONZALEZ","","1","1","1","","2"
"CON-915","ARQUIPOR","","59485868","","ESTUARDO SUM","","2","1","1","","4"
"XCO-916","ARQUIPOR","","59485868","","ESTUARDOI SUM","","1","1","1","","4"
"CON-917","ALORA GUATEMALA","","54575412","","JOSUE BARILLAS","","2","1","1","","4"
"XCO-918","ALORA GUATEMALA","","54575412","","JOSUE BARILLAS","","1","1","1","","4"
"CON-919","KENAS STORE","","33575273","","KEYLIN DEL CID PEREZ","","2","1","1","","3"
"XCO-920","KENAS STORE","","33575273","","KEYLIN DEL CID PEREZ","","1","1","1","","3"
"CON-921","COMERCIAL Y LIBRERIA EL CARMEN","","5516-2557","","IVANNA FAJARDO","","2","1","1","","4"
"XCO-890","CORPORACION DENA, S.A.","","2308-5642","","WENDY VELIZ","","1","1","1","","3"
"XCO-922","LA JARDINERIA O TOYJUGANDO","","57895311","","MARILYN CRUZ","","1","1","1","","4"
"CON-923","LA JARDINERIA O TOYJUGANDO","","57895311","","MARILYN CRUZ","","2","1","1","","4"
"XCO-924","PROSERDI","","5538-4917","","KEVIN GIRON","","1","1","1","","1"
"XCO-925","ORIENTADORES COMERCIALES, S.A. (MYERS)","","2498-9292","","ESTUARDO GONZALEZ","","1","1","1","","1"
"XCO-926","IMPORTADORA VILLAGRAN","","3658-9821","","SUGEYDI MARROQUIN","","1","1","1","","1"
"XCO-927","OPTIVISION UNIVERSAL","","3416-0353","","HORACIO MORALES","","1","1","1","","1"
"VD2-928","DISTRIBUIDORA LA MOCOSA","","4713-5349","","RODRIGO REAL","","3","1","1","","2"
"CON-930","DROGUERIA OVERALL FARMACEUTICA S.A.","","3254-7918","","ENRIQUE ORELLANA","","2","1","1","","1"
"XCO-931","DROGUERIA OVERALL FARMACEUTICA S.A.","","3254-7918","","ENRIQUE ORELLANA","","1","1","1","","1"
"XCO-933","BY OPORTUNO/JESED","","5820-8900","","NANCY GRANADOS","","1","1","1","","4"
"CON-934","BY OPORTUNO/JESED","","2211-6469","","NANCY GRANADOS","","2","1","1","","4"
"XCO-935","CKLASS GT","","32574018","","YARIZELL BOTTO","","1","1","1","","4"
"CON-936","CKLASS GT","","32574018","","YARIUZELL BOTTO","","2","1","1","","4"
"XCO-937","VARIEDADES ESTHER","","36042195","","ESTHER PINEDA","","1","1","1","","4"
"CON-938","VARIEDADES ESTHER","","36042195","","ESTHER PINEDA","","2","1","1","","4"
"XCO-939","TREKER DE GUATEMALA, S.A.","","2234-8657","","ADOLFO RAMIREZ","","1","1","1","","2"
"XCO-940","ALMACEN HANA","","2221-1138","","ARMANDO /IRMA","","1","1","1","","2"
"XCO-941","BR AUTOS","","58653892","","ERICK HERNANDEZ","","1","1","1","","1"
"XCO-942","IMPORTADORA SURTIPACAS","","2440-2063","","LOURDES SORAIDA GARCIA","","1","1","1","","1"
"CON-943","VIVERO FLOR DEL IZ","","5842-3279","","GILDA SONAIL LOPEZ","","2","1","1","","4"
"XCO-944","VIVIERO FLOR DE LIZ","","5842-3279","","GILDA SONAIL","","1","1","1","","4"
"CON-945","VARIEDADES GEMA","","59478832","","MIREYRA CHINCHILLA","","2","1","1","","4"
"XCO-946","VARIEDADES GEMA","","59478832","","MIREYRA CHINCHILLA","","1","1","1","","4"
"CON-947","FABRICA DE JAULAS EL TUCAN","","43158460","","JOHAN GOMEZ","","2","1","1","","4"
"XCO-948","FABRICA DE JAULAS EL TUCAN","","43158460","","JOHAN GOMEZ","","1","1","1","","4"
"CON-949","R.TOYS SHOP GUASTA","","52348458","","RUDY RAMOS","","2","1","1","","4"
"XCO-950","B.TOYS SHOP GUASTA","","52348458","","RUDY RAMOS","","1","1","1","","4"
"XCO-951","INDUSTRIAS VULCANO DE GUATEMALA","","2471-5366","","NOE GUEVARA","","1","1","1","","1"
"XCO-952","NOVOCOLOR, S.A.","","2381-2828","","JOSE MONTEZ","","1","1","1","","1"
"XCO-953","INVENTIVA COSMETCOS S.A.","","2331-1020","","MARGARITA SAENZ","","1","1","1","","2"
"XCO-954","DELIMASH","","44444437","","BYRON GOMEZ","","1","1","1","","2"
"XCO-955","GRANDES COMERCIOS, S.A.","","2235-3058","","RICHARD STIVENS ESTRADA SIMON","","1","1","1","","2"
"PRE-956","CAR AUDIO MYM","","4215-4923","","FELIX MARROQUIN","","4","1","1","","3"
"XCO-957","MEC","","54538603","","BYRON ROBERTO LOPEZ","","1","1","1","","3"
"XCO-958","IAM FIT GUATEMALA","","4701-0094","","DAMARIS AVILA","","1","1","1","","4"
"XCO-959","DISTRIBUIDORA MARLET, S.A.","","2339-5083","","JOSE MARTINEZ","","1","1","1","","2"
"XCO-960","IMPORTADORA Y EXPORTADORA GIL, S.A.","","2382-8900","","EDGAR ROLANDO FLORES","","1","1","1","","4"
"XCO-962","RYH CALDERON","","5155-2830","","VIDAL CALDERON","","1","1","1","","4"
"CON-963","RYH CALDERON","","51552830","","VIDAL CALDERON","","2","1","1","","4"
"XCO-964","DULCE HOGAR","","5500-3814","","RUDY GASPAR","","1","1","1","","4"
"XCO-966","CONSMETICA ORGANICA ONLINE","","4167-2745","","NOELIA RAMOS","","1","1","1","","4"
"CON-967","CONSMETICA ORGANICA ONLINE","","41672745","","NOELIA RAMOS","","2","1","1","","4"
"PRE-968","PESAS CASERAS GT","","57107073-55749665","","ANDREA GODINEZ","","4","1","1","","4"
"XCO-969","PRODUCTOS Y SERVICIOS ESTRATEGICOS BLU MARINNE, S.A.","","53742700","","LUIS PAZ","","1","1","1","","1"
"XCO-970","IMPORTACIONES LA BODEGONA","","2296-3106","","JULIO AREVALO","","1","1","1","","3"
"CON-971","EDGAR CIFUENTES","","5812-3260","","EDGARCIFUENTES","","2","1","1","","1"
"XCO-972","EDGAR CIFUENTES","","5812-3260","","EDGAR CIFUENTES","","1","1","1","","1"
"PCE-973","IMPORTACIONES LA BODEGONA","","2296-3106","","JULIO AREVALO","","1","1","1","","3"
"XCO-974","INSTITUTO MISIONERO SOCIEDAD DE SAN PABLO","","2367-4031","","MIGUEL RENGIFO ZAMORANO","","1","1","1","","3"
"PRE-975","PROYECTA INTEGRAL S.A.","","2296-3624","","BREHETT ANALY MERLOS","","4","1","1","","1"
"PRE-976","LEYES Y PUBLICACIONES DE GUATEMALA","","2296-3624","","ANALY MERLOS","","4","1","1","","1"
"XCO-977","SERVICENTRO AUTOLAB","","5874-8836","","DAVID DIEGUEZ","","1","1","1","","1"
"VD2-978","LA CHAPINITA","","","","CARLOS MOLLINEDO","","3","1","1","","2"
"VD2-979","BOTICA GANADERA","","5708-0373","","PATRICIA AGUIRRE","","3","1","1","","2"
"XCO-980","FARMACIA LA SOLUCION","","4070-5850","","ARIEL GOMEZ","","1","1","1","","2"
"CON-981","DIAGROMOZA","","4889-7342","","BYRON MORALES","","2","1","1","","1"
"XCO-982","DIAGROMOZA","","4889-7342","","BYRON MORALES","","1","1","1","","1"
"XCO-984","J Y R SERVICIOS Y OTROS","","4851-5134","","JOSELIN REYES","","1","1","1","","3"
"CON-985","J Y R SERVICIOS Y OTROS","","4851-5134","","JOSELIN REYES","","2","1","1","","3"
"CON-988","DUROPORT LUX","","4588-7609","","AURELIA LUX","","2","1","1","","1"
"XCO-989","DISTRIBUIDORA EL PACIFICO","","4611-2088","","KATERINNE ALFARO","","1","1","1","","2"
"XCO-990","IMPORTADORA UNO S.A.","","2203-7272","","EDUARDO VARGAS","","1","1","1","","3"
"XCO-993","BABY PATPAT","","3188-3245","","DULCE MARIA GIRON","","1","1","1","","1"
"XCO-994","MW CAR AUDIO","","4284-2923","","MARVEL QUITANA","","1","1","1","","3"
"CON-995","DISTRIBUIDORA CUSCATLAN GUATEMALA, S.A.","","2335-4195","","JACQUES JACIR","","2","1","1","","1"
"CON-996","MARMOLES PREMIER // TROFEMUNDO","","5378-3597 // 57205383","","ELSA GAMBOA","","2","1","1","","4"
"XCO-997","MARMOLES PREMIER // TROFEMUNDO","","5378-3597 // 57205383","","ELSA GAMBOA","","1","1","1","","4"
"PRE-998","DISTRIBUIDORA MANANTIAL","","2307-4086//4645-9454","","JOEL RAMIREZ","","4","1","1","","1"
"XCO-999","FLORISTERIA ALFA Y OMEGA","","4327-4731","","WENDY ORDOÐEZ","","1","1","1","","4"
"CON-1000","FLORISTERIA ALFA Y OMEGA","","4327-4731","","WENDY ORDOÐEZ","","2","1","1","","4"
"CON-1002","FARMACIA LA SOLUCION","","4070-5850","","ARIEL GOMEZ","","2","1","1","","2"
"XCO-1004","SABY STATIONERY","","2252-7751","","SABY LIMA","","1","1","1","","1"
"XCO-1003","DRUTEK PRINTING","","4211-9610","","SABY LIMA","","1","1","1","","1"
"XCO-1006","JERSEY SHOP","","5231-9192","","VERALY PEREZ DE VALENCIA","","1","1","1","","4"
"CON-1005","JERSEY SHOP","","5231-9192","","VERALY PEREZ DE VALENCIA","","2","1","1","","4"
"XCO-1007","CLADIST","","54312261//54569101","","CLAUDIA SECAIDA","","1","1","1","","4"
"CON-1008","CLADIST","","5131-2261//5456-9101","","CLAUDIA SECAIDA","","2","1","1","","4"
"XCO-1009","EMA","","4229-3760","","EVELIN ALVAREZ","","1","1","1","","4"
"CON-1010","EMA","","4229-3760","","EVELIN ALVAREZ","","2","1","1","","4"
"VD3-1011","GARE DE CREACION, S.A.","","2422-7676","","ABNER MENDEZ","","3","1","1","","1"
"CON-1012","GARE DE CREACION, S.A.","","2422-7676","","ABNER MENDEZ","","2","1","1","","1"
"XCO-1013","GARE DE CREACION,S.A.","","2422-7676","","ABNER MENDEZ","","1","1","1","","1"
"CON-1014","ZICO TEXTILES, S.A.","","5531-3989","","PABLO APARICIO","","2","1","1","","1"
"XCO-1015","Q7, S.A","","4705-1203","","AXEL ARRIAGA","","1","1","1","","1"
"CON-1016","FESY, S.A.","","5630-1911","","FERNANDO SANTA CRUZ","","2","1","1","","2"
"XCO-1017","FESY, S.A.","","5630-1911","","FERNANDO SANTA CRUZ","","1","1","1","","2"
"XCO-1018","DULCE SILUETA","","3388-0199","","INGRID LEMUS","","1","1","1","","3"
"CON-1019","FALSET, S.A. / CENTRO OPTICO","","22636151 // 22530224","","MARIA JARDI","","2","1","1","","3"
"XCO-1020","FALSET// CENTRO OPTICO","","22636151//22530224","","MARIA JARDI","","1","1","1","","3"
"CON-1021","SUNNY SEA","","5455-4559","","SHIRLEY ALVAREZ","","2","1","1","","4"
"XCO-1022","SUNNY SEA","","5455-4559","","SHIRLEY ALVAREZ","","1","1","1","","4"
"XCO-1025","LABORATORIO Y DROGUERIA GENEMEDIC","","2433-9089","","JONATHAN DONADIO","","1","1","1","","3"
"XCO-557","HUGO ALFARO","","5717-9360","","HUGO ALFARO","","1","1","1","","4"
"CON-1026","DEPORTES LINK","","2232-7976","","CHIEN FU CHIANG // LEILA COLIN","","2","1","1","","3"
"XCO-1027","DEPORTES LINK","","2232-7976//5834-3254","","CHINEN FU CHIANG // LEILA COLIN","","1","1","1","","3"
"CON-1028","IMPOLLANTAS ELROSARIO SANTIAGO SACATEPEQUEZ","","3367-4880","","BARTOLOME AMBROCIO","","2","1","1","","4"
"XCO-1029","IMPOLLANTAS ELROSARIO SANTIAOG SACATEPEQUEZ","","3367-4880","","BARTOLOME AMBROCIO","","1","1","1","","4"
"CON-1030","LAMPARAS Y MAS","","5340-0651","","EYMER ORDOÐEZ","","2","1","1","","4"
"XCO-1031","LAMPARAS Y MAS","","5340-0651","","EYMER ORDOÐEZ","","1","1","1","","4"
"XCO-1032","SERVI FILM","","2360-6097","","","","1","1","1","","3"
"CON-1033","EDITORIAL UNIVERSAL","","2232-4537","","ARACELY GUZMAN","","2","1","1","","1"
"XCO-1034","SHOP HUNTERS","","5923-9192","","PAUL SALGUERO","","1","1","1","","1"
"XCO-1035","PICKYGT","","3374-9312","","JESSICA SALGUERO","","1","1","1","","3"
"XCO-1036","ALDOS DE ITALIA","","","","FILADELFO PEREZ RIVAS","","1","1","1","","3"
"CON-1037","AUTO HAUS","","3035-7416","","JORGE SANTIZO","","2","1","1","","4"
"XCO-1038","AUTO HAUS","","5314-4780","","JORGE SANTIZO","","1","1","1","","4"
"XCO-1039","MOTOREPUESTOS ACQUARONI, S.A. // MIXCO","","2218-6100","","FRANCISCO CHAVEZ","","1","1","1","","1"
"CON-1040","PLASTIORIENTE","","3219-1879","","MAURICIO LEONEL CHEW MEJIA","","2","1","1","","2"
"XCO-1041","PLASTIORIENTE","","3219-1879","","MAURICIO LEONEL CHEW MEJIA","","1","1","1","","2"
"CON-1042","SIEMBRAS VISION, S.A.","","2329-0200","","JORGE BOLAÐOS","","2","1","1","","4"
"XCO-1043","SIEMBRAS VISION, S.A.","","2329-0200","","ROSSANA RUIZ","","1","1","1","","4"
"CON-1044","KARENS DESIGNS","","58085014","","DAVID QUEZADA","","2","1","1","","4"
"VD3-1046","MULTIPRODUCTOS HOSPITALARIOS E INDUSTRIALES","","2354-6566","","GERMAN ARANA","","3","1","1","","1"
"XCO-1047","IMPORTADORA PASCAL","","3352-9770","","ELY DEL ROSARIO PALACIOS DE CASTILLO","","1","1","1","","3"
"XCO-1048","EXCLUSIVAS JIREH","","2253-2808","","ANA CERRATO","","1","1","1","","3"
"VD3-1049","ESPORANGIO, S.A.","","2303-6600","","CARLOS MONTERROSO","","3","1","1","","1"
"VD3-1050","EMPAQUE Y DISTRIBUCION DE PRODUCTOS, S.A.","","2303-6600","","CARLOS MONTERROSO","","3","1","1","","1"
"VD3-1051","GRUPO MAS VISION, S.A.","","2425-8484","","CLAUDIA CUESTAS","","3","1","1","","1"
"XCO-1052","TECNOMILK GUATEMALA","","2270-0418","","NERY ORREGTO","","1","1","1","","1"
"GUA-1053","FLUSHING COSMETICS",""," 2327-6666","","SARA NOC","","3","1","1","","3"
"VD2-1054","LLANTAS Y MANGUERAS, S.A.","","2329-4949","","EDGAR MONTENEGRO","","3","1","1","","2"
"VD2-1055","IMPORTADORA UNO, S.A","","2203-7272","","MONICA JOSE NOGUERA MORALES","","3","1","1","","2"
"XCO-1056","NOVEDADES ESPERANZA","","4444-3109","","DAVID COS TIGUILA","","1","1","1","","2"
"XCO-1057","OFERTERO ESC","","5555-3939","","JOSE BARRIOS","","1","1","1","","2"
"CON-1058","OFERTERO ESC","","5555-3939","","JOSE BARRIOS","","2","1","1","","2"
"XCO-1059","AGROSAFARI, S.A.","","2332-3399","","ELDER GODOY","","1","1","1","","1"
"XCO-1061","LIVISTO GUATEMALA, S.A.","","23629071","","CRISTIAN ABAC","","1","1","1","","2"
"VD2-1062","LIVISTO GUATEMALA, S.A.","","23629071","","CRISTIAN ABAC","","3","1","1","","2"
"XCO-1063","VETS AND PETS TRADING GUATEMALA, S.A.","","2296-1906","","TALIA OVANDO","","1","1","1","","2"
"CON-1064","VETS AND PETS TRADING GUATEMALA, S.A.","","2296-1906","","TALIA OVANDO","","2","1","1","","2"
"XCO-1065","INSUMOS VETERINARIOS PARA GUATEMALA, S.A.","","2296-1906","","CLAUDIA GARRIDO","","1","1","1","","2"
"CON-1066","INSUMOS VETERINARIOS PARA GUATEMALA, S.A.","","2296-1906","","CLAUDIA GARRIDO","","2","1","1","","2"
"XCO-1067","LA GRINGA, IMPORTADORA DE PACAS","","54860170","","BYRON MUÐOZ","","1","1","1","","2"
"VD2-1068","CONVEGUA, S.A.","","2376-4669","","JUAN AVILA","","3","1","1","","2"
"XCO-1069","MUEBLES MODERNOS","","4841-5377","","MAGDIEL CRESPO","","1","1","1","","2"
"CON-1070","MUEBLES MODERNOS","","4841-5377","","MAGDIEL CRESPO","","2","1","1","","2"
"XCO-1071","LGD","","5065-1686","","MYNOR GUERRA","","1","1","1","","2"
"CON-1072","LGD","","5065-1686","","MYNOR GUERRA","","2","1","1","","2"
"CON-1073","AGRO INDUSTRIAS CITRICAS, S.A.","","2300-3000","","WALTER GOMAR","","2","1","1","","1"
"XCO-1045","KARENS DESINGS","","58085014","","DAVID QUEZADA","","1","1","1","","4"
"XCO-1076","SUJEIRY MARIELA POSADAS","","5387-7761","","SUJEIRY POSADAS","","1","1","1","","1"
"VD3-1077","MERCAGRO, S.A.","","22981512","","DINA ALARCON","","3","1","1","","1"
"XCO-1078","MERCAGRO, S.A.","","22981512","","DINA ALARCON","","1","1","1","","1"
"XCO-1079","EL TALLER DE JORGE","","41638589","","JORGE GARCIA","","1","1","1","","1"
"PRE-1080","IMPORTADORA MODA EXPRESS GT","","5577057","","KARLA DIAZ","","4","1","1","","2"
"VD2-1081","IMPORTADORA MODA EXPRESS GT","","55777057","","KARLA DIAZ","","3","1","1","","2"
"XCO-1082","STELIS FLOWER","","53186002","","LISETTE DE DEVRIES","","1","1","1","","2"
"CON-1083","STELIS FLOWER","","53186002","","LISETTE DE DE VRIES","","2","1","1","","2"
"CON-1085","GREEN DESERT SUCULENTAS","","3683-6779","","LESTER COY","","2","1","1","","4"
"PRE-1086","VARIEDADES ROSSILL","","4873-7359","","EVELIN ROCIL","","4","1","1","","3"
"XCO-1087","AUTOPARTES Y MAS DE GUATEMALA, S.A.(APYMSA)","","226-4448","","RONY PEREZ / DENIS FUENTES","","1","1","1","","2"
"CON-1088","AUTOPARTES Y MAS DE GUATEMALA, S.A.","","22964448","","RONY PEREZ /DENIS FUENTES","","2","1","1","","2"
"XCO-1089","IMPORTADORA TITO","","2221-5353","","AUGUSTO JUAREZ","","1","1","1","","1"
"XCO-1090","SUMINISPRO","","2458-4580","","GABRIELA MARROQUIN","","1","1","1","","2"
"CON-1091","SOHER, SOCIEDAD ANONIMA","","2292-4507","","ALEJANDRA SOSA","","2","1","1","","2"
"XCO-1092","SOHER, SOCIEDAD ANONIMA","","2292-4507","","ALEJANDRA SOSA","","1","1","1","","2"
"XCO-1093","LA MEXICANA GT","","5587-3181","","","","1","1","1","","1"
"CON-1084","DISTRIBUIDORA DE ALIMETNOS LOS HERMANOS J&E S.A.","","5721-6099//4996-3883//3695-8984","","JELVER RUIZ","","2","1","1","","1"
"XCO-1094","DISTINCOMER, S.A.","","2477-5303","","OTTO ROGELIO DIAZ","","1","1","1","","1"
"PRE-1095","UKA","","5805-0098","","ANDREA CEBALLOS","","4","1","1","","4"
"CON-1096","AZTECA IMPORTS","","5458-5582","","BRANDON SUBUYUC","","2","1","1","","2"
"XCO-1097","AZTECA IMPORTS","","5458-5582","","BRANDON SUBUYUC","","1","1","1","","2"
"CON-1098","DISTRIBUIDORA EMANUEL","","2250-0871","","PEDRO SAJCHE","","2","1","1","","2"
"XCO-1099","DISTRIBUIDORA EMANUEL","","2250-0871","","PEDRO SAJCHE","","1","1","1","","2"
"XCO-1100","MACRO SISTEMAS SA .","","7790-1818","","RUBEL RAMIREZ","","1","1","1","","3"
"GUA-1101","KRISHPAR HEALTHCARE, S.A.","","23143936","","JULIO ROBERTO GARRIDO LOPEZ","","3","1","1","","2"
"XCO-1102","EL CLOSET DE LULU","","4211-2527","","DAMARIS RAMOS GUERRA","","1","1","1","","3"
"XCO-1103","MANIAS SAN JOSE CHIQUIMULA","","","","NAPOLEON OSORIO","","1","1","1","","3"
"CON-1104","MAS COLECCION","","3304-3962","","MISAEL LOPEZ","","2","1","1","","2"
"XCO-1105","MAS COLECCION","","3304-3962","","MISAEL PEREZ","","1","1","1","","2"
"XCO-1106","ALMACEN LA GRNA CHINA J&J S.A.","","4716-7610","","CHUNRON JIN","","1","1","1","","2"
"XCO-1107","MORADA","","","","","","1","1","1","","2"
"CON-1108","TRAMSAT S,A.","","5657-3395","","","","2","1","1","","3"
"XCO-1109","B COLORS, S.A.","","2312-8890","","NORMA BARRIOS","","1","1","1","","3"
"CON-1110","B COLORS, S.A.","","2312-8890","","NORMA BARRIOS","","2","1","1","","3"
"XCO-1111","PREFUMERIA PARIS","","3526-6485","","HUGO PALMA","","1","1","1","","1"
"XCO-1112","LABORATORIO TOPEX DE GUATEMALA, S.A.","","2319-2222","","HENRY JIMENEZ","","1","1","1","","1"
"XCO-1113","DISTRITO MODA NOVA","","48805636--49685623","","","","1","1","1","","1"
"XCO-1114","MUNDIPACAS","","57878200","","BERNNY GARCIA","","1","1","1","","1"
"PRE-1115","AGRONEGOCIOS RB","","5966-9052","","RUDY BAECHILI","","4","1","1","","2"
"VD3-1116","SERVI PASTILLAS, S.A.","","2431-9595","","MARIO PINEDDA","","3","1","1","","1"
"XCO-1117","SERVI PASTILLAS, S.A.","","2431-9595","","MARIO PINEDA","","1","1","1","","1"
"XCO-1118","BOTICA GANADERA, S.A.","","2360-7459","","RENEE VALENZUELA","","1","1","1","","2"
"VD3-1119","DISTRIBUIDORA ATP","","5719-5147//5381-6100","","ANTONIO TOMA","","3","1","1","","1"
"PRE-1120","SMELLS","","7382-7800//3083-0180","","WILLIAM FERNANDO SOSA LARIOS","","4","1","1","","2"
"XCO-1121","DISTRIBUIDORA R Y R","","6629-3610","","","","1","1","1","","3"
"VD2-1122","TECNOLOGIA PECUARIA, S.A.","","2329-5660","","SILVIA FUENTES","","3","1","1","","2"
"XCO-1123","TECNOLOGIA PECUARIA, S.A.","","2329-5660","","SILVIA FUENTES","","1","1","1","","2"
"XCO-1124","ALMACEN CONY","","2253-8441","","CONSUELO QUINTI","","1","1","1","","1"
"VD2-1125","PROMEQUI","","24372503","","DANIEL BARRENO","","3","1","1","","2"
"XCO-1126","PROMEQUI","","24372503","","DANIEL BARRENO","","1","1","1","","2"
"PRE-1127","PLASTIORIENTE","","3219-1879","","MAURICIO LEONEL CHEW MEJIA","","4","1","1","","2"
"PRE-1128","DISTRIBUIDORA MUNESH PORTILLO","","30441091","","DELMY PORTILLO","","4","1","1","","3"
"VD3-1129","LABORATORIO OPTICO TOPEX DE GUATEMALA, S.A.","","2319-2209","","HENRRI JIMENEZ","","3","1","1","","1"
"PRE-1130","PICANTE PUBLICIDAD","","3209-0273","","NESLI RODAS","","4","1","1","","2"
"XCO-1131","BASS FACTORY, S.A. // EXTREME AUDIO GUATEMALA","","5119-2394","","DAVID SAPON","","1","1","1","","1"
"CON-1132","BASS FACTORY, S.A. // EXTREME AUDIO GUATEMALA","","5119-2394","","DAVID SAPON","","2","1","1","","1"
"PRE-1134","COPLASTIC","","5128-6321","","JOSE MAZARIEGOS","","4","1","1","","1"
"CON-1135","CORPORACION MKD, S.A.","","56340453","","DUNIA GUERRA","","2","1","1","","1"
"XCO-1136","CORPORACION MKD, S.A","","56340453","","DUNIA GUERRA","","1","1","1","","1"
"CON-1137","PACAS AMERICANAS","","56340453","","JULIO ESPAÐA","","2","1","1","","1"
"XCO-1138","PACAS AMERICANAS","","56340453","","JULIO ESPAÐA","","1","1","1","","1"
"CON-1139","COMERCIALIZADORA GUERRA GONZALEZ, S.A.","","56340453","","ADALI GUERRA","","2","1","1","","1"
"XCO-1140","COMERCIALIZADORA GUERRA GONZALEZ, S.A.","","56340453","","ADALI GUERRA","","1","1","1","","1"
"XCO-1141","TEXTILES CANTON, S.A.","","2202-1700","","NA","","1","1","1","","3"
"XCO-1142","SELFI MELIZA GONZALES DELGADO","","3583-5582","","SELFI MELIZA GONZALES DELGADO","","1","1","1","","3"
"XCO-1143","BEARING SUPPLY S.A.","","2317-4382","","ANDRE VALDEZ","","1","1","1","","1"
"XCO-1144","PICANTE PUBLICIDAD","","3209-0273","","NESLI RODAS","","1","1","1","","2"
"XCO-1145","ARTESANIAS Y MANUALIDADES LOS ANGELES","","5568-1835","","GLADYS JERONIMO","","1","1","1","","3"
"CON-1146","OPTICAL YOU","","7888-1623","","EDGAR CHICOJAY","","2","1","1","","3"
"CON-1147","DREAMERS","","5815-4857","","KAREN CASTILLO","","2","1","1","","1"
"XCO-1148","RIMA MODA","","2232-1136","","SAMER HANNA","","1","1","1","","3"
"CON-1149","MILIS","","5916-5275","","MILDRED CALDERON","","2","1","1","","3"
"XCO-1150","MILLIS","","5961-5275","","MILDRED CALDERON","","1","1","1","","3"
"VD2-1151","DROGUERIA DISPROFARMACEUTICAL","","2368-5312","","LESLY PIRIR","","3","1","1","","2"
"CON-1152","TIRESCORP S.A.","","2376-1700","","VICTOR BRADLEY","","2","1","1","","2"
"XCO-1153","TIRESCORP, S.A.","","2376-1700","","VICTOR BRADLEY","","1","1","1","","2"
"VD2-1154","TIRESCORP, S.A.","","2376-1700","","VICTOR BRADLEY","","3","1","1","","2"
"CON-1155","PRODUCTOS KIMA","","5863-6773","","MARCELA ALEJANDRA PEREZ","","2","1","1","","3"
"XCO-1156","GANGALLANTAS","","2376-1700","","VICTOR BRADLEY","","1","1","1","","2"
"CON-1157","GANGALLANTAS","","2376-1700","","VICTOR BRADLEY","","2","1","1","","2"
"VD2-1158","GANGALLANTAS, S.A.","","2376-1700","","EVELYN MACARIO","","3","1","1","","2"
"XCO-1159","ARTESANIAS JORLY","","5231-5908","","KLANCY MUTZUS","","1","1","1","","3"
"PRE-1160","MANDRAKE","","3718-5692","","ALBA LOPEZ","","4","1","1","","3"
"XCO-1161","VITAROL","","3153-2661","","JOSELINA CATELLANOS","","1","1","1","","1"
"CON-1162","HERBERT MARROQUIN","","59573590","","HERBERT MARROQUIN","","2","1","1","","3"
"CON-1163","FORQUIMSA (ROBIN  ARNALDOJOCOP RAXON)","","2301-9952","","ROBIN JOCOP","","2","1","1","","3"
"GUA-1164","IMPORTACIONES CRESGO, S.A.","","2210-8000","","","","3","1","1","","3"
"XCO-1165","LAURA JUAREZ","","5021-3611","","LAURA JUAREZ","","1","1","1","","3"
"VD3-1166","GRUPO MIDI, S.A.","","2202-9000","","EVELIN REVOLORIO","","3","1","1","","1"
"XCO-1167","PARLOP DISTRIBUCIONES","","3008-3315","","LUIS PAREDES","","1","1","1","","2"
"CON-1168","PARLOP DISTRIBUCIONES","","3008-3315","","LUIS PAREDES","","2","1","1","","2"
"XCO-1169","NIM MODA","","4607-0530","","ANNA // ADDA","","1","1","1","","3"
"XCO-1170","VEHICULOS RECREATIVOS, S.A.","","2229-7300","","ISMAR PALMA","","1","1","1","","1"
"XCO-1171","DREAMERS","","5815-4857","","KAREN CASTILLO","","1","1","1","","1"
"CON-1172","PHARMA FOCUS INTERNATIONAL, S.A.","","22280414","","KARLA PAREDES","","2","1","1","","2"
"XCO-1173","OSCAR SABAN","","30219851","","OSCAR SABAN","","1","1","1","","1"
"CON-1174","BILOBA DISTRIBUCIONES, S.A.","","2316-2954","","NOHEMI HERNANDEZ","","2","1","1","","2"
"XCO-1175","BILOBA DISTRIBUCIONES, S.A.","","2316-2954","","NOHEMI HERNANDEZ","","1","1","1","","2"
"XCO-1176","FLOREN'S","","3299-0574","","LORENA MONROY","","1","1","1","","1"
"XCO-1177","ALMACEN SEPTIMA","","2220-1620","","","","1","1","1","","1"
"XCO-1178","STEFANIA SALAZAR","","5325-5564","","STEFANIA SALAZAR","","1","1","1","","3"
"XCO-1179","BODEGA VETERINARIA, S.A.","","2509-3838","","SHARON MALDONADO","","1","1","1","","2"
"CON-1180","REXTERRA, S.A.A","","4008-0844","","JOSE ENRIQUEZ","","2","1","1","","1"
"XCO-1181","REXTERRA, S.A.","","4008-0844","","JOSE ENRIQUEZ","","1","1","1","","1"
"PRE-1182","SUCHITAN EXPRESS","","4686-0461","","YELITZA VASQUEZ","","4","1","1","","2"
"XCO-1183","MULTIMOTO ZONA 6","","2254-5077 // 88","","VICTOR VALDEZ","","1","1","1","","1"
"XCO-1184","DETOMELEC","","2477-3994","","ESTUARDO MELENDEZ","","1","1","1","","1"
"XCO-1185","GLASS ESSENCE","","2251-8931","","ILEANA GUERRA","","1","1","1","","1"
"XCO-1186","BENETERRA, ABONOS ORGANICOS","","3656-4581","","ANTONIO SARAVIA","","1","1","1","","1"
"XCO-1187","MACO GUATEMALA, S.A.","","2372-2180","","JORGE LUNA","","1","1","1","","2"
"XCO-1189","MULTINEGOCIOS GENERALES, S.A.","","2314-1515","","MAURICIO MENDEZ","","1","1","1","","1"
"VD3-1188","MULTINEGOCIOS GENERALES, S.A.","","2314-1515","","MAURICIO MENDEZ","","3","1","1","","1"
"VD2-1190","INVERSIONES MULTIPLES ALJABA, S.A.","","2221-3071","","JOEL OSEAS CU CHOY","","3","1","1","","2"
"XCO-1191","CHINA INTERNACIONAL","","4214-1475","","MARLON RODRIGUEZ","","1","1","1","","3"
"CON-1192","DISTRIBUIDORA SUPER HOGAR","","2220-7151","","ELIZANDRO HERNANDEZ","","2","1","1","","2"
"XCO-1193","DISTRIBUIDORA SUPER HOGAR","","2220-7151","","ELIZANDRO HERNANDEZ","","1","1","1","","2"
"XCO-1194","PACAS DEL FRANCES","","5817-0602","","SOFIA CORADO FLORES","","1","1","1","","2"
"XCO-6863","FORMULARIOS STANDARD, S.A.","","2429-8900","","ANA MARIA ARDON","","1","1","1","","1"
"VD3-1195","QUIMISOL, S.A.A","","2296-2810/11","","CAROLINA HAYDEE SALAZAR","","3","1","1","","1"
"XCO-1196","PINCHAZO & LLANTERA PAXTOR","","4603-4151","","EDER PAXTOR","","1","1","1","","2"
"XCO-1197","ALIMENTOS DE TRIGO, S.A.","","2491-0202","","ERICK RODRIGUEZ","","1","1","1","","2"
"XCO-1198","TITO'S DRINKS","","55555501","","BILFREN LOPEZ","","1","1","1","","2"
"PRE-1199","Q & S 2,000","","5934-5717","","HAROLDO REYES","","4","1","1","","3"
"VD2-1200","AMX CENTROAMERICA, S.A.","","5923-1969 //2317-0548","","EDGAR RAMOS","","3","1","1","","2"
"CON-1202","DISEÐO Y REMODELACIONES SUO","","3397-1090// 3149-022","","VHANH HALEALIN COROMAC","","2","1","1","","2"
"XCO-1203","SUO HOGAR","","3397-1090//3149-0222","","VHANH HALEALIN COROMAC HERNANDEZ","","1","1","1","","2"
"XCO-1204","INOX IND C.A.","","3750-6224//4491-8105","","HUGO RASHON","","1","1","1","","2"
"CON-1205","ABEL ARGUETA  // COMERCIAL ARGUETA","","4528-8457","","","","2","1","1","","2"
"XCO-1206","FARMASER  GUATEMALA S,A.","","2308-3523","","","","1","1","1","","2"
"CON-1207","FARMASER  GUATEMALA  S,A.","","2308-3523","","FRANCISCO JAVIER  TELLEZ","","2","1","1","","2"
"PRE-1208","ALMACEN MENDOZA","","59396741","","RICARDO MENDOZA","","4","1","1","","2"
"XCO-1209","ESTRELLA DE BELEN","","2232-4161","","","","1","1","1","","3"
"CON-1210","GUATEMALTECA   DE  MINERALES S,A. (GUAMINZA)","","","","CLAUDIA  MENDEZ","","2","1","1","","2"
"XCO-1211","PALACIO DE LAS TELAS","","2501-2020","","NA","","1","1","1","","3"
"CON-1212","CORRECAMIONS REPUESTOS, S.A. /DISCOM","","4218-1363 / 4160-8710","","WILLIAM ORTEGA / MARIO FONSECA","","2","1","1","","3"
"XCO-1213","CORRECAMINOS REPUESTOS, S.A. / DISCOM","","4218-1363/ 4160-8710","","WILLIAM ORTEGA / MARIO FONSECA","","1","1","1","","3"
"VD3-1214","FERCA, S.A.","","2379-9074","","RODOLFO ESCOBAR","","3","1","1","","1"
"GUA-1215","COMERCIAL EL MAYOREO","","2314-8747","","MANUEL SALVATIERRA","","3","1","1","","2"
"XCO-1216","MORIGAN","","5411-8166","","","","1","1","1","","3"
"GUA-1217","COMERCIAL EL MAYOREO (NARANJO)","","2393-4682","","MANUEL  ERNESTO SALVATIERRZ","","3","1","1","","2"
"GUA-1218","RASTREO INTELIGENTE S,A.","","2462-6880/81","","RICARDO   ANDRES    ORDOÐEZ","","3","1","1","","2"
"CON-1219","JS ACCESORIOS","","5825-1444","","ERICKA RODRIGUEZ","","2","1","1","","1"
"XCO-1220","JS ACCESORIOS","","5825-1444","","EROLCA RODRIGUEZ","","1","1","1","","1"
"CON-1221","COUTURE, S.A.","","2354--1900","","PABLO DAVI RODAS REYES","","2","1","1","","3"
"XCO-1222","COUTURE, S.A","","2354-1900","","PABO DAVID RODAS REYES","","1","1","1","","3"
"GUA-1223","VECSAR","","6634-2881","","","","3","1","1","","2"
"XCO-1224","SUPERLLANTAS EL ROSARIO","","4212-4061","","","","1","1","1","","2"
"CON-1225","SUPER LLANTAS  EL ROSARIO","","4212-4061","","FRANCISCO  LUX","","2","1","1","","2"
"XCO-1201","EL PORTAL DE LAS PRENDAS AMERICANAS","","7796-9754","","","","1","1","1","","3"
"XCO-1226","DISTRIBUIDORA DIAZ","","5381-1609","","EDVIN DIAZ","","1","1","1","","1"
"GUA-1227","MEDICAMENTOS DE CALIDAD S,A.","","5815-6596","","PABLO JOSUE   BUONATINA    GOMEZ","","3","1","1","","2"
"CON-1228","TRIPORCINO","","5957-5333","","HECTOR    ARADEL MARRQOUIN","","2","1","1","","2"
"XCO-1229","TRIPORCINO","","5957-5333","","HECTOR    ARADEL MARRQOUIN","","1","1","1","","2"
"XCO-1230","REPUESTOS 13 CALLE","","44876326","","30292903","","1","1","1","","1"
"GUA-1231","PLASTIMAS GUATEMALA S,A.","","5826-6814","","LIC ROBERTO    ALEJANDRO LOPEZ   PORTILLO","","3","1","1","","2"
"XCO-1232","CORPORACIËN LAS FLORES S.A.","","4128-1387","","4128-1387","","1","1","1","","3"
"XCO-1233","EKHOGARDEN VIVERO Y COMERCIALIZADORA","","34455118","","34455118","","1","1","1","","1"
"CON-1234","EXHOGARDEN VIVERO Y COMERCIALIZADORA","","34455118","","34455118","","2","1","1","","1"
"XCO-1235","WILLENFORTI: PRODUCTOS ALIMENTICIOS DEL CAMPO","","39082153","","42502445","","1","1","1","","2"
"VD3-1236","CORRECAMINOS REPUESTOS S.A / DISCOM","","42181363","","42181363","","3","1","1","","1"
"GUA-1237","HOME 2 HOME","","59359172","","DAVID CHAMORRO","","3","1","1","","2"
"PRE-1238","LUNA","","7796-9226","","7796-9226","","4","1","1","","3"
"xco-1239","MAYOREO DE LLANTAS LOS ARCOS S.A","","32201961","","32201961","","1","1","1","","1"
"CON-1240","CALZA S.A.","","22975700","","LUIS FERNANDO RIVERA","","2","1","1","","2"
"XCO-1241","DISTRIBUIDORA QUIRURGICA GENERAL S.A","","2333-7720","","RICARDO ANTONIO GËMEZ HERNANDEZ / CARLOTA ELIZABET","","1","1","1","","2"
"GUA-1242","DISTRIBUIDORA QUIRURGICA GENERAL S.A.","","2333-7720","","RICARDO ANTONIO GOMEZ HERNANDEZ","","3","1","1","","2"
"CON-1243","DISTRIBUIDORA JC","","4667-6783","","","","2","1","1","","4"
"XCO-1244","RAPIENVIO GUATEMALA S.A.","","22933204","","KARLA RODAS","","1","1","1","","2"
"XCO-1245","PARTE LLANTA","","53629389/56940369","","","","1","1","1","","1"
"CON-1246","PARTE LLANTA","","53629389/56940369","","","","2","1","1","","1"
"XCO-1247","RAPIENVIO QUETZALTENANGO S.A.","","22933204","","KARLA RODAS","","1","1","1","","2"
"XCO-1248","IMEXSA","","2319-1400","","JOSE FRANCISCO PORRAS","","1","1","1","","2"
"VD2-1249","IMEXSA","","23191400","","JOSE FRANCISCO PORRAS","","3","1","1","","2"
"PRE-1250","PUBLICIDAD Y TROFEOS S.A.","","24753089 / 24753090","","SAMUEL CASTILLO","","4","1","1","","2"
"XCO-1251","NEUMATICOS Y TRANSPORTES (NEUTRA) S.A.","","51682440","","","","1","1","1","","4"
"XCO-1252","DISTRIBUIDORA LA BENDICIËN","","5529-3819","","MYNOR REYES","","1","1","1","","1"
"CON-1253","DISTRIBUIDORA LA BENDICIËN","","55293819","","MYNOR REYES","","2","1","1","","1"
"XCO-1254","INVERSIONES J & V","","55743914","","ALEXANDER JIMENEZ","","1","1","1","","3"
"VD3-1255","IMPORTADORA LUBRITECH, S.A.","","2300-1000/5402-2235","","","","3","1","1","","1"
"PRE-1256","DISAVET","","4168-1342","","MAYRA XINICO","","4","1","1","","2"
"xco-1257","BOUTQUE EG","","42219266","","42219266","","1","1","1","","1"
"XCO-1258","DUROPORT LUX","","45887609 / 56167924","","","","1","1","1","","1"
"XCO-1260","MULTISA S.A.","","4297-2490","","WILMER BARILLAS","","1","1","1","","2"
"CON-1261","MULTISA S.A.","","42972490","","WILMER BARILLAS","","2","1","1","","2"
"XCO-1259","IMPORTADORA EBEN-EZER","","2220-7477/5196-5538","","5196-5538","","1","1","1","","3"
"XCO-1262","IMPORTADORA JENSA","","5877-8497","","529624869282","","1","1","1","","1"
"VD3-1263","CORPORACION MERKELL","","22124921 / 22150220","","JUAN CARLOS GOMEZ","","3","1","1","","1"
"VD2-1264","DROGUER═A JC","","3996-3853","","SARA═ CORTEZ","","3","1","1","","2"
"VD2-1265","MULTISA S.A","","42972490","","WILMER BARILLAS","","3","1","1","","2"
"PRE-1266","OUTLETS SHEIN","","57490380","","57490380","","4","1","1","","3"
"XCO-1267","ALVASA","","4823-0968 / 5555-4179","","5555-4179","","1","1","1","","2"
"XCO-1268","IMPORTADORA MANDARINA S.A.","","3800-3049","","5698-4946","","1","1","1","","2"
"XCO-1269","COMERCIALIZDORA DECORATIVA S.A.","","30044690","","","","1","1","1","","2"
"GUA-9000","PELUQUERIA OTTO","","12345678","","OTTO GONZALEZ","","3","1","1","","1"
"GUA-8570","IMPORTADORA FIESTA Y CIA LTDA","","2509-3741","","ROLANDO  CASTRO","","3","1","1","","3"
"XCO-8571","IMPORTADORA FIESTA Y CIA LTDA","","2509-3741","","","","1","1","1","","3"
"VD3-1270","AIM DIGITAL DE GUATEMALA","","4479-3488/3995-1407","","3995-1407 REBECA CRISTALES","","3","1","1","","1"
"XCO-1271","AIM DIGITAL DE GUATEMALA","","44793488","","39951407 / REBECA CRISTALES","","1","1","1","","1"
"XCO-1272","CORPORACIËN LA CONQUISTA S.A.","","51193928","","54713094","","1","1","1","","2"
"XCO-1273","TECNO MASTER","","23293300","","LORSY LARIOS","","1","1","1","","2"
"VD3-1274","DROGER═A AVANCOS MEDICOS SOCIEDAD ANONIMA","","57151516","","","","3","1","1","","1"
"XCO-1275","GRUPO MODEL S.A.","","40209422","","32672248","","1","1","1","","3"
"PRE-1276","KATHERYNE GARC═A","","47925786","","47925786","","4","1","1","","3"
"VD3-1277","HBSCS S.A.","","76000500","","30176811/76000500","","3","1","1","","1"
"VD2-1278","DISTRIBUIDORA BELLA PARIS","","52942500","","MARIA FERNANDA CRUZ 30594029","","3","1","1","","2"
"XCO-1279","REPUESTOS ANDRADE","","5999-3777","","5999-3777","","1","1","1","","3"
"XCO-1291","FLEXPACK GUATEMALA S.A.","","23128890","","MARISSA BARRIOS","","1","1","1","","2"
"VD3-1281","PESADOS DEL PACIFICO GUATEMALA, S.A.","","53009057","","WALESKA MARROQUIN","","3","1","1","","1"
"VD2-1282","UNO GUATEMALA S.A.","","59225807/22851400","","GENARO CASTILLO 59225807","","3","1","1","","2"
"XCO-1283","UNO GUATEMALA S.A.","","59225807/22851400","","GENARO CASTILLO 59225807","","1","1","1","","2"
"VD3-1284","MHR TOOLS - LA TIENDA OFICIAL DE LOS MECANICOS","","22984955","","WENDY CORONADO 53506771","","3","1","1","","1"
"VD2-1285","INDUPARTS S.A.","","24238400","","24238400","","3","1","1","","2"
"CON-1286","SUPLICENTRO / PLASTICENTRO S.A.","","23291800/23291801","","23291800","","2","1","1","","4"
"VD2-1287","SUPLIDORA HOSPITALARIA","","24767555/24793465","","LEIDY CASTILLO","","3","1","1","","2"
"PRE-1280","VENTAS Y NEGOCIOS WENDOLI","","5499-5902/2476-4431","","","","4","1","1","","2"
"VD2-1288","HIDRICA","","22984990","","","","3","1","1","","2"
"XCO-1289","MUEBLES CALEB","","53876649","","DANIEL HERNANDEZ PINEDA","","1","1","1","","2"
"VD2-1290","DIDECONSA S.A.","","30530884","","30729319","","3","1","1","","2"
"XCO-1292","RHINOLLANTAS","","58504175","","JUAN CARLS LUX YAT","","1","1","1","","2"
"CON-1293","RHINOLLANTAS","","58504175","","JUAN CARLOS LUX YAT","","2","1","1","","2"
"XCO-1294","SUPLIDORA HOSPITALARIA","","24767555/24793465","","","","1","1","1","","2"
"VD3-1295","TRECA","","3071 8652","","","","3","1","1","","1"
"XCO-1296","DISTRIBUIDORA PORTILLO","","30441091","","","","1","1","1","","4"
"XCO-1297","HG AUTOPARTES","","77679522","","","","1","1","1","","2"
"XCO-1298","HG AUTOPARTES","","77679522","","","","1","1","1","","2"
"XCO-1299","HG AUTOPARTES","","77679522","","","","1","1","1","","2"
"XCO-1300","EL CONTENEDOR GT S.A.","","22991500","","ALINA MIRELLA GRAJEDA HERNANDEZ Y/O NATALI MANSILL","","1","1","1","","2"
"XCO-1301","COMERCIAL EL MAYOREO BARBERENA","","49354426","","JOEL WAY","","1","1","1","","2"
"XCO-1302","COMERCIAL EL MAYOREO MAZATE","","30773446","","PAULO CERSAR GOMEZ DARDËN","","1","1","1","","2"
"XCO-1303","COMERCIAL EL MAYOREO CHIQUIMULA","","30763065","","OBER JESUALDO ALDANA CERVANTES","","1","1","1","","2"
"CON-1304","EMPRESAS ASLAN S.A.","","22567890","","55553589","","2","1","1","","2"
"VD3-1305","COMPAÐIA COMERCIAL LIBRA S.A.","","23859248","","CARLOS CHAMALE","","3","1","1","","1"
"PRE-1307","PRODUCTOS SALUDABLES NOVALIFE","","4854-6060/49296161","","","","4","1","1","","2"
"XCO-1308","PRODUCTOS SALUDABLES NOVALIFE","","48546060/49296161","","17AV 12-59 ZONA 11 COLONIA MIRAFLORES GUATEMALA","","1","1","1","","2"
"VD3-1309","FERRETERIA INDUSTRIAL GUATEMALTECA S.A.","","23947501/31087622","","ARIEL SOTO","","3","1","1","","1"
"XCO-1310","LA ASUNCION DE MARIA","","22210184","","","","1","1","1","","4"
"XCO-1311","LOS CUCHUMATANES","","49342436","","","","1","1","1","","4"
"VD2-1312","EMPRESAS ASLAN S.A.","","22567891/55553589","","","","3","1","1","","2"
