"code","name","address","phone","email","contact_name","contact_phone","payment_method_id","departament_id","town_id","prefix_origin","seller_id"
"CON-1","GENEMEDIC","7 CALLE 34-78 COL TIKAL 2 ZONA 7 GUATEMALA","2433-9089","","N/A","0","2","1","1","CAP","4"
"XCO-2","ALMACEN EMMA","20 CALLE 3-83 ZONA 1 GUATEMALA","2253-2602","","N/A","0","1","1","1","CAP","4"
"XCO-3","ILUMINACION CONTINENTAL","EL CORITJO 1 ZONA 12 CALZ ATANASIO TZUL","2411-4800","","N/A","0","1","1","1","CAP","4"
"XCO-5","LABORATORIO DENTAL MONTOYA","13 CALLE 4-56 ZONA 1 GUATEMALA","2232-0453","","N/A","0","1","1","1","CAP","4"
"XCO-6","INVADEN","CALZ SAN JUAN 40-05 ZONA 7 COL NUEVA MONSERRAT","2432-6588","","N/A","0","1","1","1","CAP","4"
"XCO-7","ALMACEN EL GALLITO","19 CALLE 3-11 ZONA 1 GUATEMALA","2232-7116","","N/A","0","1","1","1","CAP","4"
"XCO-12","IMPORTADORA CANDY","2 AV 17-14 ZONA 1 GUATEMALA","2238-1680","","N/A","0","1","1","1","CAP","4"
"PRE-13","ALMACENES CHANG Y CIA","9 AV 8-52 ZONA 1 GUATEMALA","2232-8666","","N/A","0","4","1","1","CAP","1"
"GUA-14","DROGUERIA BIOTHICAL S,A.","CALZ ATANASIO TZUL 19-97 CORTIJO EMPRESARIAL 1 BOD 203 ZONA 12","2214-4710","","N/A","0","3","1","1","CAP","4"
"GUA-15","DROMEDIC, S.A.","6 TA CALLE  2-12 ZONA 1","2221-0582 // 2220-7792","","TELMA ABAC","0","3","1","1","CAP","4"
"XEL-16","COMERCIAL DE EDICIONES / MARTIN SOLARES","28 AV A 13-23 ZONA 7 QUETZALTENANGO COL LOS TRIGALES","77672723","","N/A","0","3","1","1","CAP","4"
"GUA-18","DROGUERIA REFASA S,A.","2 CALLE 3-75 ZONA 1","2222-9595","","BEATRIZ MORENTE","0","3","1","1","CAP","4"
"GUA-19","MARKETING ARM GUATEMALA S,A.","27AV 7-25 ZONA 4 MIXCO EL NARANJO DISTRIBODEGAS 2 BODEGA B-17","2324-2525","","MISHEL MENDEZ","0","3","1","1","CAP","4"
"GUA-22","IMPORTACIONES ABU S,A.","5 CALLE 9-48 ZONA 1 2DO NIVEL LOCAL A-2","2225-0808  5516-4525","","LUIS FERNANDO ABULARACEN","0","3","1","1","CAP","3"
"XCO-24","UNIREFRI","7 AV 20-23 ZONA 1 GUATEMALA","2220-6434","","N/A","0","1","1","1","CAP","4"
"XCO-25","PRO-MOTO S,A.","VILLA NUEVA, GUATEMALA","6665-5550","","N/A","0","1","1","1","CAP","4"
"GUA-26","PRO-MOTO S,A.","VILLA NUEVA, GUATEMALA","6665-5550","","N/A","0","3","1","1","CAP","4"
"XCO-29","HIVISA","BLV EL NARANJO 28-98 ZONA 4 MIXCO, GUATEMALA","2317-6360","","N/A","0","1","1","1","CAP","4"
"XCO-30","CASA DE LOS RODAMIENTOS","CALLE MART╠ 11-28 ZONA 2 GUATEMALA","2254-2171","","N/A","0","1","1","1","CAP","4"
"XCO-31","ALMACEN YAM GUANTIN","3 AV 20-24 ZONA 1","4522-5996","","N/A","0","1","1","1","CAP","4"
"XCO-32","INVERSIONES ASIATICAS GUATEMALA S,A.","0 AV BOD 207 23-13 ZONA 17 GUATEMALA","2313-0926","","N/A","0","1","1","1","CAP","3"
"GUA-33","TECNOLOGIA EN LUBRICANTES S,A.","8 AV 30-80 ZONA 11 COLONIA GRANAI II","2315-3400","","N/A","0","3","1","1","CAP","4"
"XCO-34","DIFORZA INTERNATIONAL ,S.A","35 AV 26-31 ZONA 5 COLONIA VIVIBIEN, GUATEMALA","2412-8383","","N/A","0","1","1","1","CAP","4"
"XCO-36","F.P.K. S,A.","5 CALLE 6-75 ZONA 9","23247363","","N/A","0","1","1","1","CAP","4"
"GUA-37","ATLANTICA AGRICOLA DE GUATEMALA","AMATITLAN KM 28.5 CARRETERA CA-09, DISTRIPARK CENTRO LOG═STICO BODEGA 18 SE","66314167","","N/A","0","3","1","1","CAP","2"
"CHI-38","INVERSIONES SAESNOR DE GUATEMALA// WILBER ESPINO","8 AV  CALZ 2 HECTOR 9-99 ZONA 2 CHIQUIMULA","0","","N/A","0","3","1","1","CAP","4"
"XCO-40","IMPORTACIONES RIVAS","1 CALLE 3-31 ZONA 1 VILLA NUEVA, GUATEMALA","56980184    30938561","","N/A","0","1","1","1","CAP","4"
"GUA-41","PRODUCCIONES METTA INTERNACIONAL S,A.","3 AV 25-00 ZONA 2 INTERIOR FINCA EL ZAPOTE","25056800","","N/A","0","3","1","1","CAP","4"
"XCO-42","INVERSIONES OLMALAX S,A.","CALZADA SAN JUAN 32-49 ZONA 7 BODEGA 2 MIXCO, GUATEMALA","2502-7474","","N/A","0","1","1","1","CAP","4"
"GUA-43","COMPAÐIA DE EQUIPO MEDICO HOSPITALARIO S,A.","2 CALLE 4-08 ZONA 10 CIUDAD CAPITAL","0","","N/A","0","3","1","1","CAP","4"
"GUA-44","SDCB (CHAMPION BOX)","7 CALLE 14-22 ZONA 11 COLONIA CARABANCHEL, CIUDAD CAPITAL","2472-8407    5512-0102","","N/A","0","3","1","1","CAP","3"
"XCO-45","SDCB (CHAMPION BOX)","7 CALLE 14-22 ZONA 11 COLONIA CARABANCHEL, CIUDAD CAPITAL","2472-8407  5512-0102","","N/A","0","1","1","1","CAP","3"
"XCO-46","PAZ EDITORES","AVENIDA PETAPA 22-29 ZONA 12 C.C. SUR LOCAL 6","2476-0050","","N/A","0","1","1","1","CAP","4"
"CON-47","PAZ EDITORES","AV PETAPA 22-29 ZONA 12 C.C. SUR LOCAL 6","2476-0050","","N/A","0","2","1","1","CAP","4"
"GUA-48","EDITORA DE TEXTOS","2 CALLE 21-66 ZONA 15 V.H. 2 PLAZA 21","2251-1229    5206-5231","","N/A","0","3","1","1","CAP","4"
"GUA-6864","COMERCIALIZADORA AUTOMOTRIZ J.A. VASQUEZ","5 CALLE 1-02 ZONA 13","2473-1574","","N/A","0","3","1","1","CAP","4"
"XCO-8569","ALMACEN SUPER KISS","17 CALLE 6-15 ZONA 1 GUATEMALA","22537208","","N/A","0","1","1","1","CAP","4"
"XCO-6865","COMERCIALIZADORA AUTOMOTRIZ J.A. VASQUEZ","2 CALLE 1-02 ZONA 13","2473-1574","","N/A","0","1","1","1","CAP","4"
"GUA-50","TELAS LAFAYETTE DE GUATEMALA S,A.","20 CALLE 26-30 ZONA 10, CIUDAD CAPITAL","2318-0200","","N/A","0","3","1","1","CAP","4"
"CON-52","GAMAR S,A.","MANZANA G 1 SECTOR 1 LOTE 13 ZONA 18 RESIDENCIALES LOS OLIVOS","22604611  53011455","","N/A","0","2","1","1","CAP","4"
"XCO-53","GAMAR S,A.","MANZANA G 1 SECTOR 1 LOTE 13 ZONA 18 RESIDENCIALES LOS OLIVOS","22604611   53011455","","N/A","0","1","1","1","CAP","4"
"CON-54","DACEMA","LOTE 12 MANZANA E ZONA 18 SEC 1 VALLE DE JESUS","40280444","","N/A","0","2","1","1","CAP","4"
"XCO-55","DACEMA","LOTE 12 MANZANA E ZONA 18 SEC 1 CALLE DE JESUS","40280444","","N/A","0","1","1","1","CAP","4"
"XEL-56","PROMOCIONES Y VENTAS DE OCCIDENTE","11AV B 0-122 ZONA 9 LOS CEREZOS 2, QUETZALTENANGO","7926-7487","","ESTERFINA DEL CARMEN MONZON BARRIOS","0","3","1","1","CAP","4"
"GUA-58","DALISH","3AV 13-74 COL EL ROSARIO ZONA 3 MIXCO OFIBODEGA BODASA BODEGA 7","22088600","","N/A","0","3","1","1","CAP","4"
"XCO-59","DALISH","3AV 13-74 COL EL ROSARIO ZONA 3 MIXCO OFIBODEGA BODASA BOD 7","22088600","","N/A","0","1","1","1","CAP","4"
"XCO-57","HIPER TELAS","8 CALLE 10-21 ZONA 1","22008000","","N/A","0","1","1","1","CAP","4"
"GUA-60","CONTINENTAL DE EDICIONES","11 CALLE 10-50 ZONA 1 CIUDAD DE GUATEMALA","2316-223","","N/A","0","3","1","1","CAP","4"
"XCO-61","QUINILLA","CIUDAD DE GUATEMALA","53167814","","N/A","0","1","1","1","CAP","3"
"XCO-62","HINESA, HIDRAULICA Y NEUMATICA S,A.","AV PETAPA 29-32 ZONA 12, GUATEMALA","22235696","","N/A","0","1","1","1","CAP","4"
"XCO-63","CORPORACION ABINSA","AV PETAPA 29-42 ZONA 12","22235656","","N/A","0","1","1","1","CAP","4"
"XCO-64","AUTOHAUS","10AVENIDA 33-40  ZONA 11 COL. LAS CHARCAS","24983535","","N/A","0","1","1","1","CAP","4"
"XCO-65","SERVI-REPUESTOS S,A.","C.C. ATANASIO TZUL LOCAL 149 ZONA 12","24776935","","N/A","0","1","1","1","CAP","4"
"XCO-66","INNOVA MOTORS","AV PETAPA 29-24 ZONA 12","24424848","","N/A","0","1","1","1","CAP","4"
"XCO-67","AUDIO MARCAS S,A.","45 CALLE 16-47 ZONA 12 BOD 12, GUATEMALA","23127272","","N/A","0","1","1","1","CAP","4"
"XEL-68","LA LIBRERIA.COM// VICTOR HUGO MORALES","22 AV   3-51  ZONA 3 EDIF. EUROPA 1 ER NIVEL, QUETZALTENANGO","77650153 - 58256707","","N/A","0","3","1","1","CAP","4"
"GUA-69","KLIMP AMERICA","15 AV  6-51  ZONA 11 COL. CARABANCHEL","2214-3030","","N/A","0","3","1","1","CAP","4"
"PRE-71","CALZADO RANDALL","TOTONICAPAN","4399-7201","","EDGAR GUTIERREZ","0","4","1","1","CAP","3"
"GUA-72","COMERCIALIZADORA SUMISA","CALZ ROOSEVELTH 7-38 ZONA 11 COL EL TESORO MIXCO, GUATEMALA","22930096","","N/A","0","3","1","1","CAP","4"
"XCO-73","RODHERSA","33 AV 3-17  ZONA 4 MIXCO BOSQUES DE SAN NICOLAS, GUATEMALA","24360351","","N/A","0","1","1","1","CAP","4"
"MAZ-74","SURTIPLAST","2AV  8-73 ZONA 1 MAZATENANGO","78822960","","N/A","0","3","1","1","CAP","4"
"GUA-75","INDUSTRIAS DE PRODUCTOS Y SERVICIOS S,A. (VENTAS)","17AV 49-6+0  ZONA 12, GUATEMALA","23806950","","N/A","0","3","1","1","CAP","4"
"GUA-76","MAYA¿B","11 AV 24-71 ZONA 12 APTO B COL REFORMITA, GUATEMALA","2476-8257","","N/A","0","3","1","1","CAP","4"
"XCO-77","IMPORTACIONES CRESGO S,A.","CALZ LA PAZ 18-40 ZONA 5, OFIBODEGAS CENTRO 5 BOD 18","22108000","","N/A","0","1","1","1","CAP","4"
"CON-78","INDUSTRIAS DEL COLOR S,A.","10 AV 2505 ZONA 13","24981616","","N/A","0","2","1","1","CAP","4"
"CON-79","MYTEC","3 AV  10-90 ZONA 9, GUATEMALA","23036161","","N/A","0","2","1","1","CAP","4"
"XCO-80","MYTEC","3 AV 10-90  ZONA 9, GUATEMALA","23036161","","N/A","0","1","1","1","CAP","4"
"XCO-81","MULTINEGOCIOS GENERALES S,A.","CALZ AGUILAR BATRES 34-77 ZONA 12 C.C. LA CORUÐA BODEGA 4","23141515","","N/A","0","1","1","1","CAP","1"
"XCO-83","TORNILLOS BISAURI S,A.","6 AVE 6-40 ZONA 4","2331-6938","","N/A","0","1","1","1","CAP","4"
"XCO-84","PRO PARTS","6 AVE 2-16 ZONA 9","2324-4141","","N/A","0","1","1","1","CAP","4"
"XCO-85","AUTO REPUESTOS 911","4 CALLE 0-20  ZONA 9, CIUDAD","23320143","","N/A","0","1","1","1","CAP","4"
"XCO-87","SOLPRO","9 AV 3-48  ZONA 4","23179000","","N/A","0","1","1","1","CAP","2"
"XCO-89","BODECO","BLVD EL NARANJO 28-98 ZONA 3 MIXCO, BOD 2","25058905","","N/A","0","1","1","1","CAP","4"
"GUA-88","MARCAS MUNDIALES, S,A.","2 CALLE 1-96 ZONA 8 BRISAS DE GERONA, SAN MIGUEL PETAPA","23108282","","N/A","0","3","1","1","CAP","4"
"XCO-90","MO AUTO (CAMPO MARTE)","1 CALLE  2-81  ZONA 10 ESQUINA CAMPO MARTE","2381-5555","","N/A","0","1","1","1","CAP","4"
"XCO-91","MO AUTO (PROCERES)","18 CALLE  10-23  ZONA 10","23815353","","N/A","0","1","1","1","CAP","4"
"XCO-92","MO AUTO (ZONA 9)","4 CALLE 5-17  ZONA 9","2381-5252","","N/A","0","1","1","1","CAP","4"
"XCO-93","MO AUTO (CARROS)","4 CALLE 5-36  ZONA 9","2381-5252","","N/A","0","1","1","1","CAP","4"
"XCO-94","ALMELSA S,A.","KM  19.5 CARR AL PACIFICO COMPLEJO BOD VILLA NUEVA BOD 8","2300-2100","","N/A","0","1","1","1","CAP","4"
"CON-95","ALMELSA ,S.A","KM 19.5 CARR AL PACIFICO COMPLENO BODEGAS VILLA NUEVA BOD 8","2300-2100","","N/A","0","2","1","1","CAP","4"
"XCO-96","IMEXA S,A.","15AV 12-08 ZONA 6","22543257","","N/A","0","1","1","1","CAP","4"
"CON-97","IMEXA S,A.","15AV 12-08 ZONA 6","2254-3257","","N/A","0","2","1","1","CAP","4"
"XCO-98","FLECHAS ALVAREZ ,S.A","35CALLE  10-24  ZONA 8","30317833","","N/A","0","1","1","1","CAP","4"
"CON-99","FLECHAS ALVAREZ S,A.","35 CALLE 10-24  ZONA 8","30317833","","N/A","0","2","1","1","CAP","4"
"XCO-100","EIKO S,A.","27 CALLE 2-75 ZONA 6 DE MIXCO, GUATEMALA","2431-5434","","N/A","0","1","1","1","CAP","4"
"CON-102","LLANTAS TOTAL S,A.","28 CALLE B 8-20 ZONA 8","2503-1515","","N/A","0","2","1","1","CAP","4"
"XCO-103","REFACCIONARIA SAN CARLOS","29 CALLE 5-90 ZONA 12","2243-1700","","N/A","0","1","1","1","CAP","4"
"CON-104","REFACCIONARIA SAN CARLOS","29 CALLE  5-90  ZONA 12","2243-1700","","N/A","0","2","1","1","CAP","4"
"XCO-105","REPASA","0AV 23-13 ZONA 17 CALZ LA PAZ CENTRO DE NEGOCIOS LA PAZ OFIBOD402","2382-9700","","N/A","0","1","1","1","CAP","4"
"CON-106","REPASA","0AV 23-13 ZONA 17 CALZ LA PAZ CENTRO DE NEGOCIOS LA PAZ OFIBOD 402","2382-9700","","N/A","0","2","1","1","CAP","4"
"CON-108","VITATRAC S,A.","CALZ ROOSEVELTH 36-59 ZON 11","2323-6000","","N/A","0","2","1","1","CAP","1"
"XCO-109","DIMAPA","2AV  4-06 ZONA 3 COL ULISES ROJAS VILLA NUEVA","6610-2773","","N/A","0","1","1","1","CAP","4"
"CON-110","DIMAPA","2AV 4-06 ZONA 3 COL ULISES ROJAS, VILLA NUEVA","6610-2773","","N/A","0","2","1","1","CAP","4"
"XCO-111","EMOTION INTERNATIONAL COMPANY S,A.","CARR AMATITLAN ZONA 11 COL CASTAÐAS VILLA NUEVA","2477-3550","","N/A","0","1","1","1","CAP","4"
"CON-112","EMOTION INTERNATIONAL COMPANY S,A.","KM 11.5 CARR AMATITLAN ZONA 11 COL CASTAÐAS, VILLA NUEVA","2477-3550","","N/A","0","2","1","1","CAP","4"
"XCO-113","TECNIAGRO INDUSTRIAL","LOTE 9 SEC F PARQUE DE LA INDUSTRIA KM 34.5 PALIN, ESCUINTLA","5329-9313","","N/A","0","1","1","1","CAP","4"
"CON-114","TECNIAGRO INDUSTRIAL","LOTE 9 SEC F PARQUE DE LA INDUSTRIA KM 345 PALIN, ESCUINTLA","5329-9313","","N/A","0","2","1","1","CAP","4"
"XCO-115","GMP INTERNACIONAL S,A.","AV PETAPA 25-25 BO 10 ZONA 12","2387-0909","","N/A","0","1","1","1","CAP","4"
"CON-116","GMP INTERNACIONAL","AV PETAPA 25-25 BOD 10 ZONA 12","2387-0909","","N/A","0","2","1","1","CAP","4"
"CON-120","EIKO S,A.","27 CALLE 2-75 ZONA 6 DE MIXCO, GUATEMALA","2431-5434","","N/A","0","2","1","1","CAP","4"
"XCO-121","IMRECAR","8 CALLE A 15-16 RESI TERRANOVA ZONA 6 DE VILLA NUEVA","56113342","","N/A","0","1","1","1","CAP","4"
"CON-122","IMRECAR","8 CALLE A 15-16 RESI TERRANOVA ZONA 6 VILLA NUEVA","56113342","","N/A","0","2","1","1","CAP","4"
"XCO-123","ALMACEN LA ECONOMICA","8 CALLE 10-53  ZONA 1, GUATEMALA","2312-000","","N/A","0","1","1","1","CAP","4"
"CON-124","ALMACEN LA ECONOMICA","8 CALLE 10-53 ZONA 1. GUATEMALA","2312-0000","","N/A","0","2","1","1","CAP","4"
"XCO-101","LLANTAS TOTAL S,A.","28 CALLE B 8-20 ZONA 8, GUATEMALA","2503-1515","","N/A","0","1","1","1","CAP","4"
"XCO-117","COMERCIALIZADORA OM","CALLE ACEITUNO LOTE 7 ZONA 17 GUATEMALA GUATEMALA","3053-8521","","N/A","0","1","1","1","CAP","4"
"CON-118","COMERCIALIZADORA OM","CALLE ACEITUNO LOTE 7 ZONA 17 GUATEMALA GUATEMALA","3053-8521","","N/A","0","2","1","1","CAP","4"
"XCO-119","INDUPARTS ,S.A","CALZ AGUILAR BATRES 45-32 ZONA 11, GUATEMALA","2423-8400","","N/A","0","1","1","1","CAP","4"
"CON-127","INDUPARTS S,A.","CALZ AGUILAR BATRES 45-32 ZONA 11, GUATEMALA","2423-8400","","N/A","0","2","1","1","CAP","4"
"XCO-128","AUTO SERVICIOS EL VIAJERO ,S.A","7AV 27-22 ZONA 8, GUATEMALA","2428-6100","","N/A","0","1","1","1","CAP","4"
"CON-129","AUTO SERVICIOS EL VIAJERO S,A.","7AV 27-22 ZONA 8, GUATEMALA","2428-6100","","N/A","0","2","1","1","CAP","4"
"XCO-130","GIRK S,A.","CALZ ATANASIO TZUL 22-00 CONRTIJO 2 BOD 204 ZONA 12","2462-6349","","N/A","0","1","1","1","CAP","4"
"CON-131","GIRK S,A.","CALZ ATANASIO TZUL 22-00 CORTIJO 2 BOD 204, ZONA 12","2462-6349","","N/A","0","2","1","1","CAP","4"
"XCO-132","NUTRIRECIPIENTES ,S.A","8 CALLE 6-33 ZONA 4, GUATEMALA","2429-7000","","N/A","0","1","1","1","CAP","4"
"CON-133","NUTRIRECIPIENTES ,S.A","8 CALLE 6-33 ZONA 4, GUATEMALA","2429-7000","","N/A","0","2","1","1","CAP","4"
"XCO-134","EBULLIENT INTERNACIONAL S,A.","27AV 7-14 ZONA 4 DE MIXCO EL NARANJO, GUATEMALA","2269-0043","","N/A","0","1","1","1","CAP","4"
"CON-135","EBULLIENT INTERNACIONAL S,A.","27AV 7-14 ZONA 4 DE MIXCO EL NARANJO, GUATEMALA","2269-0043","","N/A","0","2","1","1","CAP","4"
"XCO-136","AUTO PARTES DE GUATEMALA S,A.","6AV 3-25 ZONA 9, GUATEMALA","2423-4723","","N/A","0","1","1","1","CAP","4"
"CON-137","AUTO PARTES DE GUATEMALA S,A.","6AV  3-25 ZONA 9, GUATEMALA","2423-4723","","N/A","0","2","1","1","CAP","4"
"XCO-138","SOLARSA","3AV 5-05 ZONA 9, GUATEMALA","2360-2035","","N/A","0","1","1","1","CAP","4"
"CON-139","SOLARSA","3 AV 5-05 ZONA 9, GUATEMALA","2360-2035","","N/A","0","2","1","1","CAP","4"
"XCO-140","DISIM","CALZ AGUILAR BATRES 7-61 ZONA 11, CIUDAD CAPITAL","2505-8310","","N/A","0","1","1","1","CAP","4"
"XCO-141","AEC REPUESTOS","ANILLO PERIFERICO 18-69 ZONA 11","2214-6999","","N/A","0","1","1","1","CAP","4"
"XCO-142","SERVIPARTES","LOTE 38 MANZ E COL VILLAS DEL ROSARIO ZONA 4 MIXCO, GUATEMALA","2431-2596","","N/A","0","1","1","1","CAP","4"
"XCO-143","SUZUKI S,A.","6AV 6-85 ZONA 4 CIUDAD CAPITAL","23316321","","N/A","0","1","1","1","CAP","4"
"XCO-146","TECNIDESA","CALZ ATANASIO TZUL CORTIJO 2, BOD 311","2442-7013","","N/A","0","1","1","1","CAP","4"
"XCO-147","GIRK, S,A.","CALZ ATANASIO TZUL 22-00 ZONA 12, EL CORTIJO 2 BOD 204 Y 309","2476-9709","","N/A","0","1","1","1","CAP","4"
"XCO-148","A.E.C REPUESTOS S,A.","ANILLO PERIFERICO 18-37 ZONA 11","2472-7794","","N/A","0","1","1","1","CAP","4"
"XCO-149","IMPORTACIONES CRESGO, S,A.","23 AVENIDA INTERCONEXIËN NARANJO-MINERVAS 12-91 ZONA 4 DE MIXCO, GUATEMALA.","41996811","","JEFTHE RIVAS","0","1","1","1","CAP","3"
"XCO-150","TECNOLOGIA DELTA","13 CALLE 1-51 ZONA 10 TORRE 2 SANTA CLARA OFI. 23","2361-2536","","N/A","0","1","1","1","CAP","4"
"XCX-144","FERROMAQUINAS","DIAGONAL  7-46 ZONA 5 QUETZALTENANGO","0","","N/A","0","1","1","1","CAP","3"
"XCX-145","CENTRO FRENERO","7AV  10-69  ZONA 5 QUETZALTENANGO","0","","N/A","0","1","1","1","CAP","4"
"XCX-151","TECNIDESA, S,A.","2 CALLE  6-72 ZONA 2 QUETZALTENANGO","7763-0156 /60/67","","N/A","0","1","1","1","CAP","4"
"XCO-152","LEXUS EDITORES DE GUATEMALA","CORTIJO 2  22-00 BOD B-315","2476-3815 //16","","N/A","0","1","1","1","CAP","4"
"GUA-153","RODAMIENTOS DE CENTROAMERICA S,A.","6AV A 1-12 ZONA 2 COL EL TESORO MIXCO, GUATEMALA","2250-3060","","N/A","0","3","1","1","CAP","4"
"XCO-154","AGRINOVA","BODEGAS CORTIJO 1 BOD 604ZONA 12","2462-6509","","N/A","0","1","1","1","CAP","4"
"XCO-155","REPRESENTACIONES MOREL","10 CALLE 3-55 ZONA 1","2232-1554","","N/A","0","1","1","1","CAP","4"
"XCO-156","DISTRIBUIDORA HERMANOS COPHER","ANILLO PERIFERICO  3-00 ZONA 3","2246-7777","","N/A","0","1","1","1","CAP","4"
"XCO-49","TELAS LAFAYETTE DE GUATEMALA S,A.","20 CALLE  26-30 ZONA 10, CIUDAD CAPITAL","2318-0200","","N/A","0","1","1","1","CAP","4"
"XCJ-157","DISTRIBUIDORA DE AUTO PARTES M Y G","2AV 3-25  ZONA 2 JALAPA","0","","N/A","0","1","1","1","CAP","3"
"GUA-158","INDUSTRIAS DE LA RIVA, S,A.","9 AV 10-34 ZONA 1","2410-4071","","N/A","0","3","1","1","CAP","4"
"XCO-159","REALMEN S,A.","28 CALLE 7-03 ZONA 11 COL GRANAII TOWNSON","2206-2828","","N/A","0","1","1","1","CAP","4"
"GUA-160","ROLLOS Y MAS S,A.","7 CALLE  3-24 ZONA 18 COND INTERBODEGAS OFIBODEGA 26","2267-0834","","N/A","0","3","1","1","CAP","4"
"XCO-162","NEOMOTO","14 CALLE 4-43 ZONA 1","2220-5364","","N/A","0","1","1","1","CAP","4"
"XCO-163","AUTO CENTER","CALZ SAN JUAN  10-28 ZONA 3 DE MIXCO, GUATEMALA","24326215","","N/A","0","1","1","1","CAP","4"
"XCO-164","EL MOTORISTA AUTOMOTRIZ","CALZ SAN JUAN 11-66 ZONA 3 DE MIXCO, GUATEMALA","2464-9913","","N/A","0","1","1","1","CAP","4"
"CON-165","SERVIPARTES","LOTE 38 MANZ E COL VILLAS DEL ROSARIO ZONA 4 MIXCO, GUATEMALA","2431-2596","","N/A","0","2","1","1","CAP","4"
"XCO-166","YUMMY FOOD S,A.","3RA. AVENIDA 0-54 ZONA 13 PAMPLONA","2220-6129","","N/A","0","1","1","1","CAP","4"
"XCO-167","A.E.C.","ANILLO PERIFERICO 18-37 ZONA 11, GUATEMALA","2214-6999","","N/A","0","1","1","1","CAP","3"
"XCO-168","PROTECCION SOLAR LA TORRE","2 CALLE 6-31  ZONA 9 LOCAL A","22679777","","N/A","0","1","1","1","CAP","4"
"XCO-169","SOLAR FILM","7 AV 1-52  ZONA 9 CIUDAD CAPITAL","2308-5969","","N/A","0","1","1","1","CAP","4"
"XCO-170","AUTO REPUESTOS J.C","5 AV 32-71 ZONA 3, CIUDAD CAPITAL","2240-2298","","N/A","0","1","1","1","CAP","4"
"XCO-171","EL PORTAL DE LAS PRENDAS AMERICANAS","0AV EL PROGRESO, JUTIAPA","7843-4430","","N/A","0","1","1","1","CAP","3"
"CON-172","EL PORTAL DE LAS PRENDAS AMERICANAS","0 AV EL PROGRESO, JUTIAPA","5946-6160","","N/A","0","2","1","1","CAP","4"
"VD3-6862","FORMULARIOS STANDARD, S,A.","1  CALLE 35-39 ZONA 11 COL. TOLEDO","2423-8900","","ANA MARIA ARDON","0","3","1","1","CAP","1"
"XCO-173","LA PALABRA BOOKSTORE","7 CALLE 17-41  ZONA 3 QUETZALTENANGO","7763-7210  /// 7767-4494","","N/A","0","1","1","1","CAP","3"
"XCO-174","COMERCIAL RG","SAN FRANCISCO EL ALTO, TOTONICAPAN","0","","N/A","0","1","1","1","CAP","3"
"XEL-175","DROGUERIA Y DISTRIBUIDORA VISION PAC RIVERA, S,A.","40AV A 2-66 ZONA 8 COL EL MAESTRO, QUETZALTENANGO","7776-0693 / 7766-9081","","N/A","0","3","1","1","CAP","3"
"XCO-176","DIGIMUNDO","18 CALLE 10-50  ZONA 10 C.C. PLAZA LA VILLA","23632568 / 78","","N/A","0","1","1","1","CAP","4"
"CON-177","DIGIMUNDO","18 CALLE 10-50  ZONA 10 C.C. PLAZA LA VILLA","23632568 / 78","","N/A","0","2","1","1","CAP","4"
"XCO-178","SURTIPARTES","33 CALLE 9-06  ZONA 8","24714912 / 47701971","","N/A","0","1","1","1","CAP","4"
"XCO-179","KAT SIM  IMPORTACIONES","5 AV 1-44  ZONA 3 EL PROGRESO, JUTIAPA","4245-9533","","N/A","0","1","1","1","CAP","3"
"XCO-180","ANA PAZ","19 AV  8-69  ZONA 15","4569-8403","","N/A","0","1","1","1","CAP","4"
"XCO-181","RELOJES 60 SEGUNDOS","19 CALLE 1-53 ZONA 1","2309-9944","","N/A","0","1","1","1","CAP","4"
"XCO-182","HENRRY`S DISTRIBUTION","MANZ B LOTE 21 ZONA 4 DE MIXCO","3023-3202","","N/A","0","1","1","1","CAP","4"
"XCO-183","EL MUNDO DEL BILLAR","9AV 17-78  ZONA 7 DE MIXCO","2435-4421","","N/A","0","1","1","1","CAP","4"
"XCO-185","PRODUCTOS HIDRAULICOS DE C.A., S,A.","AV PETAPA 33-21 ZONA 12","2376-2000","","N/A","0","1","1","1","CAP","4"
"PRE-184","LIBRERIA BAUTISTA","12 CALLE 9-54 ZONA 1","2251-4516","","N/A","0","4","1","1","CAP","4"
"PRE-186","MULTIPRODUCTOS VETERINARIOS S,A.","CALLE DEL COMPLEJO DEPORTIVO 12-75 ZONA 1 JUTIAPA","7823-5104 / 78442396","","N/A","0","4","1","1","CAP","3"
"XCO-187","COFIÐO STAHL","ANILLO PERIFERICO 17AV 18-78  ZONA 11","2204-3012","","N/A","0","1","1","1","CAP","4"
"XCO-188","DISTRIBUIDORA CKLASS Y MAS","ATESCATEMPA, JUTIAPA","42994475","","N/A","0","1","1","1","CAP","3"
"GUA-189","TERMO GUATEMALA S,A.","BLV LOS PROCERES 24-69 ZONA 10, CIUDAD CAPITAL","2261-7085","","N/A","0","3","1","1","CAP","4"
"XCO-190","TERMO GUATEMALA, S,A.","BLV LOS PROCERES 24-69 ZONA 10, CIUDAD CAPITAL","2261-7085","","N/A","0","1","1","1","CAP","4"
"XCO-191","EL PORTAL DE LAS PRENDAS AMERICANAS S,A.","7AV ENTRE 1 Y 2 CALLE ZONA 1 CHIQUIMULA","7796-9754","","N/A","0","1","1","1","CAP","4"
"XCO-192","AUTO REPUESTOS AKI","CALZ ROOSEVELTH 40-80 ZONA 3 COL. COTIO, MIXCO","22093535","","N/A","0","1","1","1","CAP","4"
"CON-193","IDEAS EN PAPEL S,A.","DIAGONAL 6 11-97  ZONA 10 EDIF CENTRO INTERNACIONAL","2311-7100","","N/A","0","2","1","1","CAP","4"
"XCO-194","IMPOAUTO","7 CALLE 27-55 BLV EL NARANJO ZONA 4 DE MIXCO","2211-8471","","N/A","0","1","1","1","CAP","4"
"XCO-195","ALMACEN EL UNICO","18 CALLE 3-19  ZONA 1, GUATEMALA","5966-0990","","N/A","0","1","1","1","CAP","4"
"XCO-196","FRAGANTA","KM 8.5 CARR SALVADOR EDIF LAS VISTAS DE MUXBALIA","4391-5424","","N/A","0","1","1","1","CAP","4"
"CON-197","DADA BABY (ALMACEN EL FESTIVAL)","3AV 19-30 ZONA 1","2230-3361 // 2253-0968","","N/A","0","2","1","1","CAP","4"
"GUA-198","PROYECTO K, S,A.","2 AV  3-53  LOS ALMOS SAN MIGUEL PETAPA","6628-2500","","N/A","0","3","1","1","CAP","4"
"CON-199","PROYECTO K, S,A.","2AV 3-53  LOS ALAMOS, SAN MIGUEL PETAPA","6628-2500","","N/A","0","2","1","1","CAP","4"
"XCO-200","SERINPA","KM 168 CARR A ESQUIPULAS, CHIQUIMULA","5014-0797","","N/A","0","1","1","1","CAP","4"
"XCO-201","FERRETERIA ARREOLA","CALZ JOSE MILLA  Y VIDAURRE 18-40 ZONA 6","2288-0745","","N/A","0","1","1","1","CAP","3"
"CON-202","FERRETERIA ARREOLA","CALZ JOSE MILLA Y VIDAURRE 18-40 ZONA 6","2288-0745","","N/A","0","2","1","1","CAP","3"
"XCO-203","MULTICOMER","23 CALLE 1-35 ZONA 1","2238-4174","","N/A","0","1","1","1","CAP","3"
"CON-204","MULTICOMER","23 CALLE 1-35 ZONA 1","2238-4174","","N/A","0","2","1","1","CAP","3"
"XCO-205","TBC GUATEMALA S,A.","7 CALLE 28-77 ZONA 4 MIXCO EL NARANJO","2308-0500","","N/A","0","1","1","1","CAP","3"
"XCO-6","INVADEN","CALZ SAN JUAN 40-05 ZONA 7 COL NUEVA MONSERRAT","2432-6588","","N/A","0","1","1","1","CAP","4"
"XCO-207","CASA DE LAS TELAS","20 CALLE 3-38  ZONA 1","2250-0851","","N/A","0","1","1","1","CAP","3"
"CON-208","CASA DE LAS TELAS","20 CALLE 3-38 ZONA 1","2250-0851","","N/A","0","2","1","1","CAP","3"
"XCO-209","CENTRACASA","CALZ AGUILAR BATRES 26-19 ZONA 12","2327-9000","","N/A","0","1","1","1","CAP","3"
"CON-210","CENTRACASA","CALZ AGUILAR BATRES 26-19 ZONA 12","2327-9000","","N/A","0","2","1","1","CAP","3"
"XCO-211","IMPORLLANTAS","PARQUE ECO INDUSTRIAL 13 CALLE 3-90 ZONA 7 COL LANDIVAR","2296-6056//2296-6057","","N/A","0","1","1","1","CAP","3"
"CON-212","IMPOR LLANTAS","14AV 0-24 ZONA 2 DE MIXCO","2250-4019","","N/A","0","2","1","1","CAP","3"
"XCO-213","DSITRIBUIDORA TEXTIL LA EXCELENCIA","AV BOLIVAR 23-42 ZONA 1","2210-5651","","N/A","0","1","1","1","CAP","3"
"CON-214","DISTRIBUIDORA TEXTIL LA EXCELENCIA","AV BOLIVAR 23-42 ZONA 1","2210-5651","","N/A","0","2","1","1","CAP","3"
"XCO-215","PACARTA","10AV A 0-79 ZONA 2 BARRIO MODERNO","2290-4141","","N/A","0","1","1","1","CAP","3"
"CON-216","PACARTA","10 AV A 0-79 ZONA 2 BARRIO MODERNO","2490-4141","","N/A","0","2","1","1","CAP","3"
"XCO-217","AUTO PARTS MIZUMO","23 AV INTERCONEXION NARANJO MINERVA 12-90 INTERIOR ZONA 4 DE MIXCO BODEGA 1","2206-3000","","N/A","0","1","1","1","CAP","2"
"CON-218","AUTO PARTS MIZUMO","4 CALLE 23-80 ZONA 14 EMPRESARIAL MULTIBODEGAS","2206-3000","","N/A","0","2","1","1","CAP","2"
"XCO-219","LOMA VISTA DE GUATEMALA  ,S.A","3AV 39-48 ZONA 8, CIUDAD CAPITAL","2471-7387","","N/A","0","1","1","1","CAP","3"
"CON-220","LOMA VISTA DE GUATEMALA S,A.","3AV 39-48 ZONA 8, CIUDAD CAPITAL","2471-7387","","N/A","0","2","1","1","CAP","3"
"XCO-221","IMPRESOS LEOS","5AV 10-87 ZONA 6 MIXCO COL SAN FRANCISCO II","2432-2383","","N/A","0","1","1","1","CAP","3"
"CON-222","IMPRESOS LEOS","5AV 10-87 ZONA 6 MIXCO, COL SAN FRANCISCO II","2432-2383","","N/A","0","2","1","1","CAP","3"
"XCO-223","IMPORTADORA REGIS","6 CALLE 9-33 ZONA 1, GUATEMALA","2220-1693","","VERONICA ESCALANTE","0","1","1","1","CAP","4"
"CON-224","IMPORTADORA REGIS","6 CALLE 9-33 ZONA 1, GUATEMALA","2220-1693","","VERONICA ESCALANTE","0","2","1","1","CAP","4"
"XCO-225","GRUPO COMERCIAL DIFER S,A.","MANZ E SEC 4 LOTE 1 ZONA 4 JARDINES DE TULAM ZU, MIXCO","2429-4100","","N/A","0","1","1","1","CAP","3"
"CON-226","GRUPO COMERCIAL DIFER S,A.","MANZ E SEC 4 LOTE 1 ZONA 4 JARDINES DE TULAM ZU, MIXCO","2429-4100","","N/A","0","2","1","1","CAP","3"
"XCO-227","CORPORACION QUIMICA DEL ISTMO","13AV 7-41 ZONA 12","2471-3485","","N/A","0","1","1","1","CAP","3"
"CON-228","CORPORACION QUIMICA DEL ISTMO","13AV 7-41 ZONA 12","2471-3485","","N/A","0","2","1","1","CAP","3"
"XCO-229","INQUIVET","5AV C 3-75  ZONA 12 COL GUAJITOS","2477-4326","","N/A","0","1","1","1","CAP","3"
"CON-230","INQUIVET","5AV C 3-75  ZONA 12 COL GUAJITOS","2477-4326","","N/A","0","2","1","1","CAP","3"
"XCO-231","AUTOPRO","29  CALLE 5-90  ZONA 12 COL EL CARMEN","2243-1700","","N/A","0","1","1","1","CAP","3"
"CON-232","AUTOPRO","29 CALLE 5-90 ZONA 12 COL EL CARMEN","2243-1700","","N/A","0","2","1","1","CAP","3"
"XCO-233","LLANTERA SANTA CRUZ","CALZ SAN JUAN 6-43 COL LA BRIGADA ZONA 7 MIXCO","2432-7869","","N/A","0","1","1","1","CAP","3"
"CON-234","LLANTERA SANTA CRUZ","CALZ SANJUAN 6-43 COL LA BRIGADA ZONA 7 MIXCO","2432-7869","","N/A","0","2","1","1","CAP","3"
"XCO-235","ARLLANSA","AV BOLIVAR 30-10 ZONA 3","2506-3232","","N/A","0","1","1","1","CAP","3"
"CON-236","ARLLANSA","AV BOLIVAR 30-10 ZONA 3","2506-3232","","N/A","0","2","1","1","CAP","3"
"XCO-237","FABRICA DE ACUMULADORES VOLTA","CALZ ROOSEVELTH 11-19  ZONA 11","2472-3070","","N/A","0","1","1","1","CAP","3"
"CON-238","FABRICA DE ACUMULADORES VOLTA","CALZ ROOSEVELTH 11-19 ZONA 11","2472-3070","","N/A","0","2","1","1","CAP","3"
"XCO-239","LLAMASA","15 CALLE 8-01 ZONA 12","2329-4949","","N/A","0","1","1","1","CAP","3"
"CON-240","LLAMASA","15 CALLE 8-01 ZONA 12","2329-4949","","N/A","0","2","1","1","CAP","3"
"XCO-241","MIZPA S,A.","CALZ ROOSEVELTH KM 14 6-38 ZONA 2 COL EL TESORO MIXCO","2383-2000","","N/A","0","1","1","1","CAP","3"
"CON-242","MIZPA S,A.","CALZ ROOSEVELTH KM 14 6-38  ZONA 2 COL EL TESORO MIXCO","2383-2000","","N/A","0","2","1","1","CAP","3"
"XCO-243","DISINSA","7AV 19 CALLE ESQUINA 18-66 ZONA 12","2472-7400","","N/A","0","1","1","1","CAP","3"
"CON-244","DISINSA","7 AV 19 CALLE ESQUINA 18-66  ZONA 12","2472-7400","","N/A","0","2","1","1","CAP","3"
"XCO-245","ACQUARONI","7AV 1-54  ZONA 4","2324-6565","","N/A","0","1","1","1","CAP","3"
"CON-246","ACQUARONI","7AV 1-54 ZONA 4","2324-6565","","N/A","0","2","1","1","CAP","3"
"XCO-247","COMERCIAL CANTON ,S.A","4AV 18-30  ZONA 1","2493-2323","","N/A","0","1","1","1","CAP","3"
"CON-248","COMERCIAL CANTON S,A.","4AV 18-30 ZONA 1","2493-2323","","N/A","0","2","1","1","CAP","3"
"GUA-249","IMPORTADORA Y EXPORTADORA SANTA RITA S,A.","CIUDAD","0","","N/A","0","3","1","1","CAP","4"
"XCO-250","MOTO STORE","JUTIAPA, JUTIAPA","5000-2743","","N/A","0","1","1","1","CAP","3"
"XCO-251","VASTAGO IMPORTACIONES","26 CALLE 7-23 ZONA 11 OFIBODEGAS SAN LUIS BOD 11","2442-1202 // 5943-4230","","N/A","0","1","1","1","CAP","4"
"XCO-252","REEGALOS Y MENSAJES S,A.","3 CALLE 17-31  ZONA 8 SAN CRISTOBAL, MIXCO","2389-8400// 23898401","","N/A","0","1","1","1","CAP","4"
"XCO-253","IMPORTADORA NORTE","CALZ AGUILAR BATRES 42-00  ZONA 11","2477-2400","","N/A","0","1","1","1","CAP","1"
"XCO-254","IMPORTADORA UNO  S,A.","CALZ ROOSEVELTH 32-61 ZONA 11","5939-6838 // 5939-6600","","N/A","0","1","1","1","CAP","4"
"XCO-255","ZOMI STORE // SARAI DE LEON","CIUDAD","4749-2681","","N/A","0","1","1","1","CAP","4"
"XCO-256","VIOLET"" ROPA ACCESORIOS Y MAS // WENDY MAYORGA","CALLE PRINCIPAL  ALDEA LA ERMITA CONCEPCION LAS MINAS, CHIQUIMULA","3267-8209","","N/A","0","1","1","1","CAP","4"
"CON-257","KARYN LEONARDO  (BIOLAND)","6A AVENIDA 11-62 ZONA 3","55113323","","N/A","0","2","1","1","CAP","4"
"CON-257","KARYN LEONARDO (BIOLAND)","6A. AVENIDA 11-62 ZONA 3","55113323","","N/A","0","2","1","1","CAP","4"
"CON-258","REPRESENTACIONES EUROPEAS DE CENTROMERICA","30AV 15-15  ZONA 12, COL MILLER ROCK","2304-3800","","N/A","0","2","1","1","CAP","4"
"XCO-259","EL AGUILA IMPORTACIONES","50 CALLE 17-74 ZONA 12","2476-0415//2477-5927","","N/A","0","1","1","1","CAP","4"
"XCO-261","ALFA EDICIONES","6 CALLE 4-27 ZONA 1, GUATEMALA","3230-0378","","N/A","0","1","1","1","CAP","4"
"CON-262","ALFA EDICIONES","6 CALLE 4-27 ZONA 1","2230-0378","","N/A","0","2","1","1","CAP","4"
"XCO-263","ARTEMIS EDINTER","13AV 15-26 ZONA 10","2419-9191","","N/A","0","1","1","1","CAP","4"
"XCO-264","IBERICA IMPORT S,A.","35AV 8-95 ZONA 7 COL EL RODEO","2441-7412// 2425-0154","","N/A","0","1","1","1","CAP","4"
"XCO-265","DIMPACSA","AV FERROCARRIL CORTIJO EMPRESARIAL 1 BOD 216 ZONA 12","2473-0352","","N/A","0","1","1","1","CAP","4"
"PRE-266","DISTRIMEDH","4 CALLE A 3-04 ZONA 2 MIXCO, COL EL MOLINO DE LAS FLORES","5400-1011","","N/A","0","4","1","1","CAP","4"
"XCO-268","MOTOREPUESTOS GP, P.A.,S.A.","5A. AVE. 3-55 ZONA 9","4177-4191","","SOFIA ALVARENGA","0","1","1","1","CAP","4"
"GUA-269","MOTOREPUESTOS GP, P.A.,S.A.","5A. AVE. 3-55 ZONA 9","4177-4191","","SOFIA ALVARENGA","0","3","1","1","CAP","4"
"CON-270","CINCUENTA CINCUENTA","12AV 3-16 ZONA 2 BARRIO MODERNO","22603392","","N/A","0","2","1","1","CAP","4"
"XCO-271","QUIMICOS DE ORIENTE","5 CALLE  5-60  ZONA 1 BO SAN JOAQUIN, ESQUIPULAS CHIQUIMULA","4082-2465","","N/A","0","1","1","1","CAP","4"
"CON-272","QUIMICOS DE ORIENTE","5 CALLE 5-60  ZONA 1 BO SAN JOAQUIN, ESQUIPULAS, CHIQUIMULA","4082-2465","","N/A","0","2","1","1","CAP","4"
"XCO-273","CREACIONES MARIANNE","22AV  13-51  ZONA 7 KAMINAL JUYU 2. GUATEMALA","32882944","","N/A","0","1","1","1","CAP","4"
"XCO-274","FABRICA FELICIDADES","12 CALLE  10-57  ZONA 17 COL COVITIGS, CIUDAD","2308-3289","","N/A","0","1","1","1","CAP","4"
"PRE-275","CAROL MARIN","7AV 5-78  ZONA 1 , CHIQUIMULA","4150-3970","","N/A","0","4","1","1","CAP","4"
"GUA-276","EDITORIAL Y LIBRERIA PIEDRA SANTA","5 CALLE 7-55  ZONA 1","2422-7676","","N/A","0","3","1","1","CAP","4"
"GUA-277","ALFA EDICIONES, S,A.","6 CALLE 4-27  ZONA 1, CIUDAD","5923-5417","","N/A","0","3","1","1","CAP","4"
"XCO-278","SAR""S BSS","13AV  13-37  ZONA 18 RESIDENCIALES ATLANTIDA ZONA 18","2256-1629","","N/A","0","1","1","1","CAP","4"
"CON-279","CAROL MARIN","7AV 5-78  ZONA 1, CHIQUIMULA","4150-3970","","N/A","0","2","1","1","CAP","4"
"CON-280","EDICIONES INTERNACIONALES S,A.","2 CALLE 31-25  ZONA 7 COL UTATLAN 1, CIUDAD","2433-9863","","N/A","0","2","1","1","CAP","4"
"XCO-281","COMERCIALIZADORA LA DIVINA COSTURA ,S.A","9AV 8-62  ZONA 1, CIUDAD","4742-4839","","N/A","0","1","1","1","CAP","4"
"GUA-282","EDICIONES INTERAMERICANAS S,A.","2 CALLE  31-25  ZONA 7 COL. UTLATAN 1, CIUDAD","2433-9863","","N/A","0","3","1","1","CAP","4"
"XCO-283","PACOL","CALZADA SAN JUAN 21-61 ZONA 7","5494-0752","","N/A","0","1","1","1","CAP","1"
"CON-284","CIRCULO DE INVERSIONES","15AV  11-24  ZONA 10","0","","N/A","0","2","1","1","CAP","4"
"XCO-285","INNOVATI S,A. / MULTIMUEBLE","CALZ SAN JUAN 21-31  ZONA 7, CIUDAD","2474-1757","","N/A","0","1","1","1","CAP","4"
"XCO-286","IMPORTACIONES GALA UNO","18 CALLE 8-40 ZONA 1, CIUDAD","2220-6860","","N/A","0","1","1","1","CAP","4"
"XCO-287","IMPORTACIONES GALA DOS","18 CALLE 8-20  ZONA 1, CIUDAD","0","","N/A","0","1","1","1","CAP","4"
"PRE-288","FERNANDA HOFFENS","QUETZALTENANGO, QUETZALTENANGO","0","","N/A","0","4","1","1","CAP","4"
"XCO-289","MAGIC FASHION","12 CALLE B 36-25  ZONA 5 JARDINES DE LA ASUNCION, CIUDAD","4729-0336","","N/A","0","1","1","1","CAP","4"
"GUA-290","CORPORACION PLUS ,S.A","17AV D 0-70  ZONA 15 COL EL MAESTRO, CIUDAD","2365-8761","","N/A","0","3","1","1","CAP","4"
"XCO-291","JOSE OSMAN YES REYES","8AV 5-77  ZONA 1 BARRIO LATINO, JUTIAPA","7844-3680","","N/A","0","1","1","1","CAP","4"
"CON-292","MILENIUM","32 CALLE 4-72  ZONA 3, CIUDAD","2445-4422","","N/A","0","2","1","1","CAP","4"
"XCO-293","BENJAMIN BARILLAS","CALZ AGUILAR BATRES 48-95 ZONA 12","5200-1705 // 3379-9485","","N/A","0","1","1","1","CAP","4"
"XCO-294","LIBRERIA E IMPRENTA VIVIAN","9 CALLE 12-37  ZONA 1","2251-0575","","N/A","0","1","1","1","CAP","4"
"GUA-295","IADPA LIBRERIA GUATEMALA S,A.","2 CALLE 31-25 ZONA 7 COL UTATLAN 1, CIUDAD","0","","N/A","0","3","1","1","CAP","4"
"XCO-296","BK FASHION","LOCAL 25 PLAZA SANTA FE ESQUIPULAS, CHIQUIMULA","4069-3234","","N/A","0","1","1","1","CAP","4"
"CON-297","BK FASHION","LOCAL 25 PLAZA SANTA FE ESQUIPULAS, CHIQUIMULA","4069-3234","","N/A","0","2","1","1","CAP","4"
"XCO-298","VARIEDADES MANELIK","22 CALLE H 33-17 ZONA 7. CIUDAD","5519-5665","","N/A","0","1","1","1","CAP","4"
"XCO-299","CORPORACION PLUS","17AV D 0-70  ZONA 15 COL EL MAESTRO,CIUDAD","2365-8761","","N/A","0","1","1","1","CAP","4"
"PRE-300","EDICIONES SAN PABLO","33AV A 10-55  ZONA 7 COL TIKAL II, CIUDAD","2438-3151","","N/A","0","4","1","1","CAP","4"
"XCO-301","VENTAS Y NEGOCIOS WENDOLI","6AV 25-63  ZONA 12 COL LA REFORMITA, CIUDAD","2476-4431","","N/A","0","1","1","1","CAP","4"
"CON-302","VENTAS Y NEGOCIOS WENDOLI","6AV 25-63  ZONA 12 COL REFORMITA, CIUDAD","2476-4431","","N/A","0","2","1","1","CAP","4"
"CON-303","EDITORIAL ATENEA","2 CALLE 17-55 SECTOR B1 ZONA 8 SAN CRISTËBA","5987-2721","","N/A","0","2","1","1","CAP","3"
"XCO-304","MULTISISTEMAS TV","1A. AVENIDA 4-13 ZONA 9","2362-5810// 2362-2857","","AMANDA MORALES","0","1","1","1","CAP","4"
"XCO-305","SIEBOLD AUTO REPUESTOS","7AV 2-30 ZONA 4, CIUDAD","2285-9999","","N/A","0","1","1","1","CAP","4"
"CON-306","INCOGUA S,A.","CAR AL ATLANTICO KM 7 INT BODEGA  4","4220-8361","","N/A","0","2","1","1","CAP","4"
"CON-307","SERVITECNOLOGIA S.A.","4 CALE 18-51  ZONA 4 DE MIXCO COL MONTE REAL  2","2432-0507","","N/A","0","2","1","1","CAP","4"
"XCO-308","SERVITECNOLOGIA S,A.","4CALLE 18-51  ZONA 4 MIXCO, COL MONTE REAL 2","2432-0507","","N/A","0","1","1","1","CAP","4"
"XCO-309","DROGUERIA LATINOAMERICANA","5AV 1-40  ZONA 3 SANTIAGO SACATEPEQUEZ,  ANTIGUA","7961-2900","","N/A","0","1","1","1","CAP","4"
"XCO-310","COMCAST","AVENIDA HICAPI╔ 28-45 ZONA 13","2309-7221","","N/A","0","1","1","1","CAP","2"
"CON-311","COMCAST","AVENIDA HICAPI╔ 28-45 ZONA 13","2309-7221","","N/A","0","2","1","1","CAP","2"
"GUA-312","CALVO DISTRIBUCION GUATEMALA RL.","KM 16.5 CARRETERA A SAN JOSE PINULA OFIBODEGAS  SAN JOSE BODEGA 17","2366-3177","","N/A","0","3","1","1","CAP","4"
"XCO-313","QUIMIPROVA S.A.","6AV 22-35 ZONA 12","2226-4300","","N/A","0","1","1","1","CAP","4"
"CON-314","QUIMIPROVA S.A.","6AV 22-35 ZONA 12","2226-4300","","N/A","0","2","1","1","CAP","4"
"XCO-315","MUEBLES Y PROYECTOS LAS FLORES","BARRIO LAS FLORES GUALAN, ZACAPA","4218-1829","","N/A","0","1","1","1","CAP","4"
"GUA-317","IMPCA","3 CALLE F SEC B7 14-42 VISTA AL VALLE SAN CRISTOBAL 2 MIXCO","2259-7573","","N/A","0","3","1","1","CAP","4"
"XCO-316","DISTRIBUIDORA DAKO","KM 19.5 CARR SANJOSE PINULA LOTIF SANTA LUZ CASA 19","5043-9992","","N/A","0","1","1","1","CAP","4"
"CON-318","DISTRIBUIDORA DAKO","KM 19.5 CARR SANJOSE PINULA LOTIF SANTA CLUZ CASA 19","5043-9992","","N/A","0","2","1","1","CAP","4"
"XCO-319","FERNANDA BARQUIN","KM  19.5 CARR A PAVON CASA 144 JARDINES DE ARRAZOLA","4770-0640","","N/A","0","1","1","1","CAP","4"
"XCO-320","AZTECA GT","7AV 16-545 VALLE DORADO SAN CRISTOBAL ZONA 8 MIXCO","4536-3305","","N/A","0","1","1","1","CAP","4"
"XCO-321","EDICIONES SAN PABLO, S.A.","33AV A 10-55  ZONA 7 COL TIKAL 2","2438-3149// 2438-3151","","N/A","0","1","1","1","CAP","4"
"XCO-322","AUDIO CENTER","ANILLO PERIFERICO 18-37  ZONA 11","2498-7500","","N/A","0","1","1","1","CAP","4"
"CON-323","AROMAS CREATIVOS S,A.","35AV 1-29  ZONA 11 COL TOLEDO","5463-4695","","N/A","0","2","1","1","CAP","4"
"XCO-324","KIUT","17 CALLE  6-30  ZONA 1, CIUDAD CAPITAL","2232-8712","","N/A","0","1","1","1","CAP","4"
"XCO-325","CRISTEL MILAGRO GUERRA GARZA","5 CALLE 7-96  ZONA 1 BO SAN JOAQUIN, ESQUIPULAS, CHIQUIMULA","5017-4468","","N/A","0","1","1","1","CAP","4"
"CON-326","KAT SIM IMPORTACIONES","5AV 1-44 ZONA 3 EL PROGRESO JUTIAPA","4245-9533","","N/A","0","2","1","1","CAP","3"
"CON-327","CREACIONES KAT SIM","5AV 1-44  ZONA 3 EL PROGRESO JUTIAPA","5818-7437","","N/A","0","2","1","1","CAP","3"
"CON-328","ANIBAL AGUILAR","2AV 3-43 VALLE DE LAS MARIPOSAS AMATITLAN.GUATEMALA","5961-6897","","N/A","0","2","1","1","CAP","4"
"XCO-329","RAPIENVIO","19 CALLE 17-76 ZONA 10","4560-6159","","N/A","0","1","1","1","CAP","4"
"CON-330","ALT S,A.","DIAGONAL 6 10-50  ZONA 10 EDIF INTERAMERICA TORRE NORTE  6 NIVEL OFIC 604","2336-7329","","N/A","0","2","1","1","CAP","4"
"XCO-331","EDY GUZMAN //INVERSIONES PABAN","LAGUNA BERMEJA LOTE 102 D SANTA CATARINA PINULA, GUATEMALA","5783-4120","","N/A","0","1","1","1","CAP","4"
"CON-332","EDY GUZMAN // INVERSIONES PABAN","LAGUNA BERMEJA LOTE 102 D SANTA CATARINA PINULA, GUATEMALA","5783-4120","","N/A","0","2","1","1","CAP","4"
"XCO-252","REGALOS Y MENSAJES S,A.","3 CALLE 17-31  ZONA 8 SAN CRISTOBAL, MIXCO","2389-8400// 23898401","","N/A","0","1","1","1","CAP","4"
"XCO-333","REA","CALZ ROOSEVELTH 13-10  ZONA 2 DE MIXCO","2250-6696 // 2250-6901","","N/A","0","1","1","1","CAP","4"
"XCO-334","CASPE INTERNACIONAL, S.A.","6 AVENIDA 1-67 ZONA 2 DE MIXCO COL. EL TESERO MIXCO","2250-3473","","N/A","0","1","1","1","CAP","4"
"XCO-335","CKAM","2 CALLE 4AV COL LAS FLORES ZONA 4 CHIQUIMULA","7740-4690","","N/A","0","1","1","1","CAP","4"
"CON-336","CKAM","2 CALLE 4AV COL LAS FLORES ZONA 4 CHIQUIMULA","7740-4690","","N/A","0","2","1","1","CAP","4"
"XCO-337","RODAMIENTOS DE CENTROAMERICA","6AV 1-12  ZONA 2 COL EL TESORO MIXCO. GUATEMALA","2250-3060","","N/A","0","1","1","1","CAP","4"
"CON-338","EQUISUM","8AV APTO B COL EL TESORO ZONA 2 DE MIXCO, CIUDAD","2293-4830","","N/A","0","2","1","1","CAP","4"
"XCO-339","WILLIAN FERNANDO MORALES RIVERA/YANSI BONILLA","5CALLE ZONA 1 CHIQUIMULA","0","","N/A","0","1","1","1","CAP","4"
"XCO-340","CREACIONES DANIKA","10 CALLE 4-46  ZONA 4 CHIQUIMULA","7942-1218","","N/A","0","1","1","1","CAP","4"
"CON-341","CREACIONES DANIKA","10 CALLE  4-46 ZONA 4 CHIQUIMULA","7942-1218","","N/A","0","2","1","1","CAP","4"
"XCO-342","FASHION PRINCESS EM","CHIQUIMULA","7942-6170","","N/A","0","1","1","1","CAP","4"
"XCO-343","REFRIREPUESTOS SG","CALLE REAL 1 CALLE 2-96  ZONA 5 VILLA NUEVA, GUATEMALA","6649-2605","","N/A","0","1","1","1","CAP","4"
"XCO-344","AMANDA VELASQUEZ","4 CALLE ZONA 1 TECULUTAN, ZACAPA","5468-8490","","N/A","0","1","1","1","CAP","4"
"XCO-345","DECOTRIMS","9 AV 8-62  ZONA 1, CIUDAD","4742-4939","","N/A","0","1","1","1","CAP","4"
"XCO-346","COSITAS BONITAS","BO EL CENTRO GUALAN, ZACAPA","5818-6795","","N/A","0","1","1","1","CAP","4"
"XCO-347","ALICIA MORALES","5CALLE ZONA 1 CHIQUIMULA","5595-9250","","N/A","0","1","1","1","CAP","4"
"XCO-348","IMPRENTA EL MILAGRO / INDUSTRIA GRAFICA EL MILAGRO","3 CALLE 17-44  ZONA 3 BO LAS FLORES, ZACAPA","7941-2248","","N/A","0","1","1","1","CAP","4"
"XCO-349","CARLOS URRUTIA / MODATELA","12AV ZONA 1 BO EL CENTRO CALLEJON DEL COMERCIO, ZACAPA","4788-8240","","N/A","0","1","1","1","CAP","4"
"CON-350","CHI SHING LEE//ARRENDAMIENTO LEE /ARRENDAMIENTOS SUN CHU / NG LAM DE LEE","13AV  6-11 ZONA 1, ZACAPA","5310-50-30","","N/A","0","2","1","1","CAP","4"
"CON-351","CHI SHING LEE // LEE MOTORS","5 CALLE 12-36  ZONA 1, ZACAPA","5310-5030","","N/A","0","2","1","1","CAP","4"
"XCO-352","ALBA RIVERA","18 CALLE 6-15 ZONA 10. CIUDAD","4150-7507","","N/A","0","1","1","1","CAP","4"
"CON-353","DISFARMACOS S,A.","5 CALLE 34-30  ZONA 11 COL UTATLAN 2, CIUDAD","2439-3463","","N/A","0","2","1","1","CAP","4"
"XCO-354","DISFARMACOS S,A.","5 CALLE  34-30  ZONA 11 COL UTATLAN 2, CIUDAD","2439-3463","","N/A","0","1","1","1","CAP","4"
"XCO-355","VENTAS Y SERVICIOS INDUSTRIALES ACOR S,A.","30AV 4-70  ZONA 7 KAMINAL JUYU 1, CIUDAD","2474-3536","","N/A","0","1","1","1","CAP","4"
"CON-356","VENTAS Y SERVICIOS INDUSTRIALES ACOR S,A.","30AV  4-70  ZONA 7 COL KAMINAL JUYU 1, CIUDAD","2474-3536","","N/A","0","2","1","1","CAP","4"
"XCO-358","MAYRA LILIA OVALLE DE LEON","COATEPEQUE, QUETZALTENANGO","4241-2624","","N/A","0","1","1","1","CAP","3"
"XCO-357","MYNOR GEOVANY REYES GUEVARA","COATEPEQUE , QUETZALTENANGO","5860-8204","","N/A","0","1","1","1","CAP","3"
"XCO-359","TAPADERAS ONLINE","CIUDAD CAPITAL","4205-2688","","N/A","0","1","1","1","CAP","4"
"XCO-360","IMPORTADORA PINTO // DIEGO ARMANDO PINTO","KM  149.8 SANTA ROSALIA, ZACAPA","5119-2221","","N/A","0","1","1","1","CAP","4"
"XCO-361","LLANTRAK ,S.A","7AV 29-02 ZONA 8","2471-2068","","N/A","0","1","1","1","CAP","4"
"GUA-362","CODIGUA PL, S,A.","11AV  11-31  ZONA 2 COL CIUDAD NUEVA","2254-9226","","N/A","0","3","1","1","CAP","4"
"XCO-363","DISTRIBUIDORA ANDREA DE GUATEMALA","3 CALLE LOTE 14 LOTIF VISTA AZUL MAZATENANGO","5699-5211","","N/A","0","1","1","1","CAP","4"
"XCO-364","LABORATORIIO LA SANA","AV ELENA 12-62 ZONA 3","2292-1702","","N/A","0","1","1","1","CAP","4"
"XCO-365","ANTONIO DOMINGUEZ","KM  145 COL PRADOS DE ORIENTE ZACAPA","5392-1412","","N/A","0","1","1","1","CAP","4"
"XCO-366","DROGUERIA EXCEL","5AV 16-62 ZONA 10 EDIF PLATINA 3ER NIVEL OFI 301","0","","N/A","0","1","1","1","CAP","4"
"CON-367","DROGUERIA EXCEL","5AV 16-62  ZONA 10 EDIF PLATINA 3ER NIVEL OFI 301","0","","N/A","0","2","1","1","CAP","4"
"XCO-368","CONSTRUPARTES","22AV 10-02  ZONA 7 COLKAMINAL JUYU 1 ZONA 7","5348-6522","","N/A","0","1","1","1","CAP","4"
"XCO-369","ITALIKA","KM  29.5 CARR AL PACIFICO AMATITLAN","2306-7500","","N/A","0","1","1","1","CAP","4"
"CON-370","PROSERDI","6AV 2-134 CANTON AGUA TIBIA, PALENCIA","5538-4917","","N/A","0","2","1","1","CAP","4"
"XCO-371","REINA STORE","CIUDAD","3017-6121","","N/A","0","1","1","1","CAP","4"
"XCO-372","COMERCIALIZADORA ESPIRAL","3 CALLE 13-66  ZONA 6","2288-1556","","N/A","0","1","1","1","CAP","4"
"XCO-373","CARLOS ROBERTO GARCIA TEJADA","AV CENTRAL 4-41  ZONA 4 BO EL MOLINO, CHIQUIMULA","4789-9939","","N/A","0","1","1","1","CAP","4"
"CON-374","DISGEMA","4AV 26-43 ZONA 3, CIUDAD","2440-5315","","N/A","0","2","1","1","CAP","4"
"XCO-375","PRONIAUTO","CALLE MARTI 11-22  ZONA 2","2254-8112","","N/A","0","1","1","1","CAP","4"
"XCO-376","AUTO REPUESTOS LINARES","C.C. META TERMINAL DEL NORTE LOCAL 61, ZONA 18","2266-1165","","N/A","0","1","1","1","CAP","4"
"XCO-377","PRONIAUTO","16AV A 17-20 ZONA 6, CIUDAD CAPITAL","2508-6076","","N/A","0","1","1","1","CAP","4"
"CON-378","GRUPO LOGAL S,A.","OFIBODEGAS SANTANDER BOD 19 CALZ SAN JUAN ZONA 7","2234-4043","","N/A","0","2","1","1","CAP","4"
"XCO-379","GRUPO LOGAL S,A.","OFIBODEGAS SANTANDER BOD 19 CALZ SAN JUAN ZONA 7","2234-4043","","N/A","0","1","1","1","CAP","4"
"PRE-380","MILAGRO PECUARIO S.A.","2 CALLE LOTE 5 ZONA 8 SAN CRISTOBAL MIXCO","2472-5103","","N/A","0","4","1","1","CAP","4"
"XCO-381","PLAYERAS QUETZAL","2 AVE 18-71  Z3, CIUDAD DE GUATEMALA","3338-6800","","N/A","0","1","1","1","CAP","4"
"XCO-382","IMPORTADORA SAN FERNANDO","DIAGONAL 22 5-20  ZONA 3","5525-3631","","N/A","0","1","1","1","CAP","4"
"CON-383","PINTURAS SEGA","9AV 17-07  ZONA 12","6629-7878 // 66297879","","N/A","0","2","1","1","CAP","4"
"XCO-384","LIBRERIA SAN PABLO","18 CALLE 20-71  ZONA 10  COL CONCEPCION BLV LOS PROCERES","2337-2963 // 2367-4031","","N/A","0","1","1","1","CAP","4"
"XCO-385","DIANA ARRIAZA","AV FERROCARRIL 8-54  ZONA 17 CASA FOLTENA NO6","5483-4485","","N/A","0","1","1","1","CAP","4"
"XCO-386","URBAN","6AV 15-55 ZONA 1","3399-2532","","N/A","0","1","1","1","CAP","4"
"CON-387","GUNTER PEÐA","3 CALLE 6-24 ZONA 2","5140-6282","","N/A","0","2","1","1","CAP","4"
"XCO-388","TIENDA LA MODERNA/JUANA MARIA TORRES","CALLE PRINCIPAL JOCOTAN, CHIQUIMULA","5389-2926","","N/A","0","1","1","1","CAP","4"
"XCO-389","MHR TOOLS","4 CALLE 5-31 ZONA 9","3105-7329","","N/A","0","1","1","1","CAP","4"
"CON-390","WEB CORP BUSINESS/MENSAJERIA EXPRESS GUATEMALA","23AV 1-60  ZONA 1","5821-9107","","N/A","0","2","1","1","CAP","4"
"XCO-391","DIANA BOSARREYES","AV FERROCARRIL 8-54 ZONA 17 CASA FLORENTINA NO 6","5483-4785","","N/A","0","1","1","1","CAP","4"
"XCO-392","MARDO OTONIEL PEREZ","BARRIO CRUZ DE MAYO, ZACAPA","5327-8792","","N/A","0","1","1","1","CAP","4"
"XCO-393","FORMULARIOS Y MAS","38 CALLE 1-89  ZONA 12 COL JAVIER, CIUDAD","4505-7337","","N/A","0","1","1","1","CAP","4"
"CON-394","FORMULARIOS Y MAS","38 CALLE 1-89 ZONA 12 COL JAVIER, CIUDAD","4505-7337","","N/A","0","2","1","1","CAP","4"
"CON-395","PROSEINSA","CALZADA ATANASIO TZUL 22-00 CORTIJO 2 BODEGA 223, ZONA 12 CIUDAD DE GUATEMA","2300-9595","","N/A","0","2","1","1","CAP","4"
"XCO-396","PROSEINSA","CALZADA ATANASIO TZUL 22-00 CORTIJO 2 BODEGA 223, ZONA 12 CIUDAD DE GUATEMA","2300-9595","","N/A","0","1","1","1","CAP","4"
"XCO-397","TIRES CORP S.A.","21 CALLE 5-55 ZONA 11 COL MARISCAL, CIUDAD","2376-1701 // 2376-1708","","N/A","0","1","1","1","CAP","4"
"XCO-398","PROMO INDUSTRIAS/FLORIDALMA GIRON","DIAG 25 41-75 ZONA 18","2335-3625","","N/A","0","1","1","1","CAP","4"
"CON-399","PROMO INDUSTRIA // FLORIDALMA GIRON","DIAG 25 41-75 ZONA 18","2335-3625","","N/A","0","2","1","1","CAP","4"
"XCO-400","INCAPROSA","18 CALLE 1-65  ZONA 1","2204-4111","","N/A","0","1","1","1","CAP","4"
"XCO-401","VICTORIA ELIZABETH GARCIA GARRIDO","CIUDAD","4502-0243","","N/A","0","1","1","1","CAP","4"
"CON-402","ARRENDADORA MARISCAL S.A.","3 CALLE A 12-66 ZONA 2 MIXCO, GUATEMALA","5202-3553","","N/A","0","2","1","1","CAP","4"
"XCO-403","GRAN SUPER MERCADO DE PACAS","5AV 32-20  ZONA 3, CIUDAD","3142-2642","","N/A","0","1","1","1","CAP","4"
"XCO-404","IMPORTADORA  DE PACAS T & T","ANILLO PERIFERICO 21-55 CARRIL AUXILIAR YEND PARA VILLA LINDA ZONA 7","5752-0445//2317-6446","","N/A","0","1","1","1","CAP","4"
"XCO-405","JULIO ALEXIS NAVARRO CARRERA","ALDEA QUIRIGUA LOS AMATES IZABAL","77922670-51620533","","N/A","0","1","1","1","CAP","4"
"XCO-407","CINCUENTA CINCUENTA","CIUDAD","22547262/55133722","","N/A","0","1","1","1","CAP","4"
"XCO-409","CARPICENTRO","3AV 8-70  ZONA 13 FTE A LOMAS DE PAMPLONA","2472-0715","","N/A","0","1","1","1","CAP","4"
"XCO-406","LUCAS DANNY DOMINGO NAJERA","5 CALLE 2-31  ZONA 2 BO SAN FRANCISCO, JALAPA","4232-5148","","N/A","0","1","1","1","CAP","4"
"CON-408","SIISA","43 CALLE 7-51 ZONA 12 COL MONTE MARIA 3","0","","N/A","0","2","1","1","CAP","4"
"XCO-410","DISAVET","LOTE 47 MANZ A SEC B PRADOS DE VILLA HERMOSA, SAN MIGUEL PETAPA","2464-6705","","N/A","0","1","1","1","CAP","4"
"XCO-411","TEXTIHOGAR","3AV 15-41  ZONA 2 FINCA EL ZAPOTE","2288-8945","","N/A","0","1","1","1","CAP","4"
"CON-412","TEXTIHOGAR","3AV 15-41  ZONA 2 FINCA EL ZAPOTE","2288-8945","","N/A","0","2","1","1","CAP","4"
"GUA-413","WEB CORP BUSINESS//MENSAJERIA EXPRESS GUATEMALA","23AV 1-60 ZONA 1, CIUDAD","5821-9107","","N/A","0","3","1","1","CAP","4"
"XCO-414","FUNDACION  UN TECHO PARA MI PAIS GUATEMALA","5 CALLE 17-31 ZONA 15 COL EL MAESTRO 2, CIUDAD","4972-9144","","N/A","0","1","1","1","CAP","4"
"CON-415","FUNDACION UN TECHO PARA MI PAIS GUATEMALA","5 CALLE 17-31 ZONA 15 COL EL MAESTRO  2, CIUDAD","4972-9144","","N/A","0","2","1","1","CAP","4"
"XCO-417","SPLASS GUATEMALA S,A.","AV REFORMA 164 COND REFORMA ZONA 9 OFI 106","2331-7231","","N/A","0","1","1","1","CAP","4"
"XCO-418","IMPCA","3 CALLE F SECB7 14-42 SAN CRISTOBAL ZONA 8 MIXCO","2259-7573","","N/A","0","1","1","1","CAP","4"
"XCO-419","INVERSIONES TAMAU","27AV 33-04 ZONA 12 COL SANTA ELISA","2209-7700","","N/A","0","1","1","1","CAP","4"
"XCO-420","ARRENDADORA MARISOL","3 CALLE A 12-66 ZONA 2 DE MIXCO","5901-7500","","N/A","0","1","1","1","CAP","4"
"XCO-421","K & N REPUESTOS","8AV 2-32 COL EL TESORO ZONA 2 MIXCO","2228-3820","","N/A","0","1","1","1","CAP","4"
"XCO-422","VOY A COMPRAR GT","1 CALLE 0-10  COL EL PRADO 2 AMATITLAN","3290-0836","","N/A","0","1","1","1","CAP","4"
"CON-423","AROMAS CREATIVOS","13AV 4-03 ZONA 1 CIUDAD","2431-8070","","N/A","0","2","1","1","CAP","3"
"XCO-424","ALMACEN EL TRIUNFADOR","18CALLE 3-32 ZONA 1, CIUDAD","2216-7950","","N/A","0","1","1","1","CAP","4"
"XCO-425","AUTO EMPAQUE LP","7AV 1-44  ZONA 9, CIUDAD","5377-3368","","N/A","0","1","1","1","CAP","4"
"XCO-426","VILMA ANTONIA QUIEJ","CENTRO DE ZUNIL, QUETZALTENANGO","3024-6031","","N/A","0","1","1","1","CAP","4"
"XCO-427","DISTRIBUIDORA INDUSTRIAL AG","3 CALLE 19-30 ZONA 8 DE MIXCO SAN CRISTOBAL C.C. EL DORADO LC 22-23","5633-3656","","EMMA PEDRO DE JESUS ALVAREZ GONZALEZ","0","1","1","1","CAP","4"
"XCO-428","ALUMINIOS MAYA","44 CALLE 18-01 ZONA 12","2476-6744 // 2295-9982","","N/A","0","1","1","1","CAP","4"
"XCO-429","TRACSER ,S.A","3 AV 12-38  ZONA 10 EDIF PASEO PLAZA NIVEL 10","2234-6526","","N/A","0","1","1","1","CAP","4"
"XCO-430","EQUIPOS SERIGRAFIAS Y DIGITALES S,A.","CORTIJO 2 BOD 221 ZONA 12","2226-3400","","N/A","0","1","1","1","CAP","4"
"CON-431","DISLUBSA","KM 17 CALZ ROOSEVELTH 2-00 ZONA 1, MIXCO","2293-9109","","N/A","0","2","1","1","CAP","4"
"XCO-432","QUINDECA","11AV 10-23  ZONA 1, CIUDAD","2327-6203","","N/A","0","1","1","1","CAP","4"
"XCO-433","IMADE","3 AV 13-74  ZONA 3 BOD 16 EL ROSARIO MIXCO, GUATEMALA","2431-3858","","N/A","0","1","1","1","CAP","4"
"XCO-434","DISTRIBUIDORA MIKE 2005","3 AV 19-25 A ZONA 1, CIUDAD","0","","N/A","0","1","1","1","CAP","4"
"CON-435","GRUPO LAVET // LABIPHARM","CALZ AGUILAR BATRES 48-02  ZONA 11, CIUDAD","2506-2222","","N/A","0","2","1","1","CAP","4"
"GUA-436","CENTRO DE SOLUCIONES S,A.","2 CALLE 15-56  ZONA 8 DE MIXCO SAN CRISTOBAL, GUATEMALA","2301-3232","","N/A","0","3","1","1","CAP","4"
"XCO-437","ARUSA REPUESTOS","29 CALLE 3-52  ZONA 12 COL EL CARMEN, CIUDAD","2247-6300","","N/A","0","1","1","1","CAP","4"
"XCO-438","URBANO GUOX","CIUDAD","3041-7220","","N/A","0","1","1","1","CAP","4"
"XCO-439","GIGANET","23 CALLE 14-75  ZONA 4 DE MIXCO COND NARANJO","2311-9000","","N/A","0","1","1","1","CAP","4"
"XCO-440","NEKTECH","CALZADA ROOSEVELT 32-59 ZONA 11 BODEGA 2","2383-5900","","N/A","0","1","1","1","CAP","4"
"XCO-441","PURIFICADORA DE AGUA EL CHAPARRO // JOSE SANDOVAL","1AV A 11-63  ZONA 2 COL EL CHAPARRO, ZACAPA","4667-3906","","N/A","0","1","1","1","CAP","4"
"XCO-442","PPM INDUSTRIA MANUFACTURERA DE PLASTICO Y PAPEL S,A.","KM 33 CARR SALVADOR ALDEA SAN JOSE EL CHILERO, VILLA CANALES","6625-4500","","N/A","0","1","1","1","CAP","4"
"XCO-443","VITATRAC S,A.","CALZ ROOSEVELTH 36-59 ZON 11","2323-6000","","N/A","0","1","1","1","CAP","1"
"XCO-444","DAVID FLORES","2AV 3-22  ZONA 2 BO LA ESTACION ZACAPA","5633-1055","","N/A","0","1","1","1","CAP","4"
"XCO-445","SMART SUPPLIERS","KM  21.5 CARR SALVADOR FRAIJANES, CIUDAD","4142-3894","","N/A","0","1","1","1","CAP","4"
"GUS-446","COMERCIAL SAN CRISTOBAL","1AV A 4-98  ZONA 2 SANARATE, GUASTATOYA","0","","N/A","0","3","1","1","CAP","4"
"XCO-447","COMERCIAL SAN CRISTOBAL","1AV A 4-98  ZONA 2 SANARATE, GUASTATOYA","0","","N/A","0","1","1","1","CAP","4"
"XCO-448","BRANDON LANDAVERRY","12AV 18-71  ZONA 7 DE MIXCO, CIUDAD","4928-8334","","N/A","0","1","1","1","CAP","4"
"CON-449","CALA","6AV ZONA 2 CANTEL, QUETZALTENANGO","3034-8337","","N/A","0","2","1","1","CAP","4"
"XCO-450","ALGADA COMPU SYSTEMS // GABRIELA ELISA SANCHEZ GARCIA","4 CALLE 15-97 ZONA 6 CIUDAD","2288-1702","","N/A","0","1","1","1","CAP","4"
"GUA-451","ALGADA COMPU SYSTEMS//GABRIELA ELISA SANCHEZ GARCIA","4 CALLE 15-97 ZONA 6, CIUDAD","2288-1702","","N/A","0","3","1","1","CAP","4"
"CON-452","WILLIAMS VINICIO MOLLER ARRIAZA","LA LABOR SAN LUCAS CASA 3 ZONA 11 QUETZALTENANGO","5713-2422","","N/A","0","2","1","1","CAP","4"
"XCO-453","WILLIAMS VINICIO MOLLER ARRIAZA","LA LABOR SAN LUCAS CASA 3 ZONA 11, QUETZALTENANGO","5713-2422","","N/A","0","1","1","1","CAP","4"
"CON-454","CORPROMA//RES CENTROAMERICANA DE DISTRIBUCION//KARYN LEONARDA","CENTRO EMPRESARIAL LA PAZ BO 201 ZONA 17, CIUDAD","5511-3323","","N/A","0","2","1","1","CAP","4"
"CON-455","MOTO TOTAL","1AV 2-51  ZONA 1 BOCA DEL MONTE, CIUDAD","4804-1369","","N/A","0","2","1","1","CAP","4"
"XCO-456","MOTO TOTAL","1AV 2-51  ZONA 1 BOCA DEL MONTE, GUATEMALA","4804-1369","","N/A","0","1","1","1","CAP","4"
"XCO-457","COMERCIALIZADORA VILLELA//WELLINGTON CALLEJAS","CALLE REAL LOTE 4 COL LA LADRILLERA AMATITLAN, GUATEMALA","59379989","","N/A","0","1","1","1","CAP","4"
"XCO-458","TIENDA LOS HERMANOS // JACINTO CARRILLO","FTE A ELEKTRA ZACAPA","5758-9165","","N/A","0","1","1","1","CAP","4"
"CON-459","MARY PERDOMO / VENTA DE PUROS","ALDEA EL TERRERRO, ZACAPA","4996-5336","","MARY PERDOMO","0","2","1","1","CAP","3"
"XCO-460","EL MUNDO DE CARTON S,A.","ATANASIO TZUL 22-00  ZONA 12 CORTIJO  2 BOD-102","2476-3067","","N/A","0","1","1","1","CAP","4"
"XCO-461","DAVID DOMINGO NAJERA","5 CALLE 5-31 ZONA 2 BO SAN FRANCISCO, JALAPA","7922-3031 // 4241-8769","","N/A","0","1","1","1","CAP","4"
"GUA-462","VITATRAC ,S.A","CALZ AGUILAR BATRES 56-18 ZONA 11, CIUDAD","2419-3339","","N/A","0","3","1","1","CAP","1"
"XCO-463","MIGUEL ABDIAS DE LA CRUZ","13 CALLE A 13-40  ZONA 3, CIUDAD","4994-0945","","N/A","0","1","1","1","CAP","4"
"XCO-464","SARA MARIA BETZABE SUAREZ AGUILAR","KM 28.5 CARR AL PACIFICO CASA 25 SEC 9 RESI LOS ESPARRAGOS, AMATITLAN","3516-3954","","N/A","0","1","1","1","CAP","4"
"CON-465","EDITORA EDUCATIVA","17AV 6-15  ZONA 3, QUETZALTENANGO","7766-9145","","N/A","0","2","1","1","CAP","3"
"XCO-466","EDITORA EDUCATIVA","17AV 6-15  ZONA 3, QUETZALTENANGO","7766-9145","","N/A","0","1","1","1","CAP","3"
"CON-467","PUBLICACIONES INTERNACIONALES BOOKSTORE","17AV 6-15  ZONA 3, QUETZALTENANGO","5604-6612","","N/A","0","2","1","1","CAP","3"
"XCO-468","PUBLICACIONES INTERNACIONALES BOOKSTORE","17AV 6-15 ZONA 3, QUETZALTENANGO","5604-6612","","N/A","0","1","1","1","CAP","3"
"XCO-469","MONICA ARANSEZU GUZMAN CALDERON","3AV 2-32  ZONA 3 BO SAN FRANCISCO COATEPEQUE, QUETZALTENANGO","4752-3410","","N/A","0","1","1","1","CAP","4"
"GUA-470","CALIDAD QUIMICA S,A.","12AV 5-36  ZONA 11 COL ROOSEVELTH, CIUDAD","3102-0402","","N/A","0","3","1","1","CAP","4"
"XCO-471","GRUPO AB","4 CALLE 13-15 ZONA 7 COL QUINTA SAMAYOA, CIUDAD","4792-4420","","N/A","0","1","1","1","CAP","4"
"CON-472","GRUPO AB","4 CALLE 13-15  ZONA 7 COL QUINTA SAMAYOA, CIUDAD","4792-4420","","N/A","0","2","1","1","CAP","4"
"CON-473","MACRO SISTEMAS","BOD 2 15AV FINAL SUR 6-56  ZONA 1, CHIQUIMULA","7790-1818","","N/A","0","2","1","1","CAP","4"
"XCO-474","ACXEL LIMA","CABAÐAS, ZACAPA","5877-1243","","N/A","0","1","1","1","CAP","4"
"XCO-475","MARIANA JOSE RODRIGUEZ  NOGUERA","BO EL PUENTE 1-0  ZONA 2 QUEZALTEPEQUE, CHIQUIMULA","3200-5050","","N/A","0","1","1","1","CAP","4"
"XCO-476","ZABDI//ALEJANDRO BRAN","ZACAPA","3331-7940","","N/A","0","1","1","1","CAP","4"
"XCO-477","LORENA DIAZ","ALDEA LAS PALMAS COATEPEQUE","5822-9520","","N/A","0","1","1","1","CAP","4"
"XCO-478","LILIAN AMANDA ROSSAL DE CASTILLO","0 CALLE B 17-26  ZONA 15 COL EL MAESTRO, CIUDAD","5949-5426","","N/A","0","1","1","1","CAP","4"
"XEL-479","CORPORACION PHARA S,A.","5 CALLE 8-23  ZONA 1 LA ESPERANZA, QUETZALTENANGO","7728-1717","","N/A","0","3","1","1","CAP","3"
"XEL-480","FARMACOS ECONOMICOS S,A.","5 CALLE 823  ZONA 1 LA ESPERANZA, QUETZALTENANGO","7728-1717","","N/A","0","3","1","1","CAP","3"
"XEL-481","LABORATORIO PHARA S,A.","5 CALLE 823  ZONA 1 LA ESPERANZA, QUETZALTENANGO","77281758 // 7728-1760","","N/A","0","3","1","1","CAP","3"
"XCO-482","ZONA ACCESORIOS //ROBERTO DELGADO","46 CALLE 24-50 ZONA 12 OFIBODEGA 5 ZENTROPLAZA SUR","5813-8905","","N/A","0","1","1","1","CAP","4"
"XCO-483","MARSA INVERSIONES S,A.","3 CALLE 12-21  ZONA 2 DE MIXCO, GUATEMALA","5526-2820","","N/A","0","1","1","1","CAP","4"
"XCO-484","ALIMENTOS TERRAE S,A.","KM 17 CALZ ROOSEVELTH 2-00 ZONA 1 MIXCO, GUATEMALA","54148922","","N/A","0","1","1","1","CAP","4"
"XCO-485","MANUEL ARMAS","17 CALLE 22-44 ZONA 10, CIUDAD","2293-7550","","N/A","0","1","1","1","CAP","4"
"XCO-486","COMPUACCESORIOS","18  CALLE 24-20  ZONA 10, CIUDAD","2498-9494","","N/A","0","1","1","1","CAP","3"
"XCO-487","AUTOCREMALLERAS MORALES","8AV 36-47  A ZONA 8, CIUDAD","5014-4543","","N/A","0","1","1","1","CAP","4"
"XCO-488","EVERPRINT GUATEMALA, S.A.","6TA. AVENIDA 13-28 ZONA 9, GUATEMALA, GUATEMALA","5570-4266","","N/A","0","1","1","1","CAP","4"
"XCO-489","PROEZAS IMPORT","KM 17.5 CARR SALVADOR ARRASOLA  I LOTE 19 APTO 3, FRAIJANES","5819-6365","","N/A","0","1","1","1","CAP","4"
"CON-490","BENTO KIDS","12 CALLE 3-15 ZONA 14 , CIUDAD","5161-4371","","N/A","0","2","1","1","CAP","4"
"CON-491","SERVICOM","11 CALLE  3-11  ZONA 10, CIUDAD","2201-4444","","N/A","0","2","1","1","CAP","4"
"XCO-492","EQUIVALENZA","24AV 1-65  ZONA 11  COL TOLEDO, CIUDAD","5473-0213","","N/A","0","1","1","1","CAP","4"
"XCO-493","ENMER ESTHER RAFAEL  // MODA Y MAS","1 CALLE  1-36  ZONA 4 , SAN JOSE PINULA","5510-5108","","N/A","0","1","1","1","CAP","4"
"CON-494","ENMER ESTHER RAFAEL // MODA Y MAS","1 CALLE  1-36  ZONA 4 SAN JOSE PINULA","5510-5108","","N/A","0","2","1","1","CAP","4"
"XCO-495","MINDY VASQUEZ","12AV 13-33  ZONA 2, CIUDAD","4190-2717","","N/A","0","1","1","1","CAP","4"
"XCO-496","NAT & CO MAYOREO","30 AV 6-20 ZONA 11 RESIDENCIALES V","3034-9521á/á4013-7014","","N/A","0","1","1","1","CAP","3"
"XCO-497","MEGANUTRITION//FREDY ORELLANA","22AV A 28-56  COND PASEO DE LOS PUENTES ZONA 7 SAN MIGUEL PETAPA","6610-3312","","N/A","0","1","1","1","CAP","4"
"GUA-498","RANERO LOGISTIC","11 CALLE  5-59  ZONA 9, CIUDAD","2362-1900","","N/A","0","3","1","1","CAP","3"
"XCO-499","SUMINISTROS ELECTRICOS S,A.","19 CALLE 8-42 ZONA 11, CIUDAD","2506-8600","","N/A","0","1","1","1","CAP","4"
"GUA-500","DROGUERIA EXCEL","5AV 16-62  ZONA 10 EDIF. PLATINA, CIUDAD","2367-5766","","N/A","0","3","1","1","CAP","3"
"XCO-501","BONJOUR","10AV 2-78  ZONA 16 COL LOURDES","4121-7228","","N/A","0","1","1","1","CAP","4"
"XCO-502","ESTAVIOS BONSAY","12 CALLE  0-85  ZOINA 9, CIUDAD","4198-8572","","N/A","0","1","1","1","CAP","4"
"XCO-503","UNIREFRI","3 CALLE 4-11  ZONA 9, CIUDAD","2226-8500","","N/A","0","1","1","1","CAP","4"
"XCO-504","DISTRIBUIDORA GRANADA","5AV 6-71  ZONA 9, CIUDAD","2215-4500","","N/A","0","1","1","1","CAP","4"
"XCO-505","DELTA FRIO  DE GUATEMALA","5AV 3-41  ZONA 9, CIUDAD","2234-7184","","N/A","0","1","1","1","CAP","4"
"XCO-506","DISTRIBUIDORA DINOSAURIOS // RUBEN SANCHEZ","CALLE RODOLFO ROBLES 23-05 ZONA 1, QUETZALTENANGO","5621-6837","","N/A","0","1","1","1","CAP","4"
"XCO-507","BEE EVENTOS /// ANA LOPEZ","CALLE RODOLFO ROBLES 23-09 ZONA 1, QUETZALTENANGO","5653-6150","","N/A","0","1","1","1","CAP","4"
"XCO-9","RECYCLE & SHOP","5 CALLE 16-04  COL LA ISLA EL MAESTRO  2 ZONA 15 , CIUDAD","5417-7274","","N/A","0","1","1","1","CAP","4"
"XCO-10","OKASA HOGAR Y VARIEDADES","0AV 2-16  ZONA 2 EL PROGRESO JUTIAPA","5997-6235","","N/A","0","1","1","1","CAP","4"
"XCO-11","DISTRIBUIDORA GABRIELA","1 CALLE  4-37  ZONA 11, CIUDAD","4768-6751","","N/A","0","1","1","1","CAP","4"
"XCO-17","NOE ANTONIO MARTINEZ SAMAYOA","5AV 13-99  ZONA 4 BO CERRO COLORADO, JUTIAPA","5709-4394","","N/A","0","1","1","1","CAP","4"
"XCO-27","MAKSA","5 CALLE  4-27  ZONA 9, CIUDAD","2334-0716","","N/A","0","1","1","1","CAP","4"
"XCO-28","ARNULFA HERNANDEZ","BO NUEVO ITALIA GENOVA COSTA CUCA, QUETZALTENANGO","5821-0111","","N/A","0","1","1","1","CAP","4"
"XCO-35","MIRNA GONZALEZ","2AV 51-61  ZONA 11, CIUDAD","4041-7337","","N/A","0","1","1","1","CAP","4"
"GUA-8","ALDOS DE ITALIA S,A.","COMPLEJO INDUSTRIAL NORTE BOD 6 ZONA 6 DE MIXCO","2433-0725","","N/A","0","3","1","1","CAP","4"
"XCO-509","FARMACIA PAZ RODRIGUEZ VALDEZ  S,A.","ZACAPA","4602-1895","","N/A","0","1","1","1","CAP","4"
"GUA-508","EXPORTADORA ENLASA S,A.","1 CALLE 18-60  ZONA 4 VILLA NUEVA","2328-1800","","N/A","0","3","1","1","CAP","4"
"XCO-509","FARMACIA PAZ RODRIGUEZ VALDEZ  S,A.","ZACAPA","4602-1895","","N/A","0","1","1","1","CAP","4"
"XCO-510","SOFI COSMETICOS","5AV 10-01  ZONA 12 COL REFORMITA , CIUDAD","5077-5150","","N/A","0","1","1","1","CAP","4"
"XCO-511","EDWIN DIAZ","SEC EL PORVENIR IPALA, CHIQUIMULA","4653-6364","","N/A","0","1","1","1","CAP","4"
"XCO-512","EDITORIAL SENDA DE VIDA","19AV 8-02  ZONA 2 COL LA REFORMITA, CIUDAD","2440-7678","","N/A","0","1","1","1","CAP","4"
"XCO-513","FERNANDA DE LEON","LOTIFICACION EL ARROYO COATEPEQUE QUETZALTENANGO","5591-7260","","N/A","0","1","1","1","CAP","4"
"XCO-514","EDWIN LOPEZ","36 CALLE  3-25  ZONA 8 , CIUDAD","4426-0187","","N/A","0","1","1","1","CAP","4"
"XCO-515","ODALIS DIAZ","LAS PALMAS COATEPEQUE, QUETZALTENANGO","5381-1609","","N/A","0","1","1","1","CAP","4"
"XCO-516","MARIA FERNANDA SALVATIERRA","9 CALLE  2-9  COL VASQUEZ COND RENACER ZONA 21","5641-8411","","N/A","0","1","1","1","CAP","4"
"XCO-517","AZUL TURQUESA","2 CALLE  11-13  SEC B4 ZONA 8 DE MIXCO CD SAN CRISTOBAL","2258-8268","","N/A","0","1","1","1","CAP","4"
"CON-518","AZUL TURQUESA","2 CALLE  11-13  SEC B4 ZONA 8 CD SAN CRISTOBAL MIXCO","2258-8268","","N/A","0","2","1","1","CAP","4"
"XCO-519","HELLEN SOSA","2AV 51-6 ZONA 11 COL CASTAÐAS","5744-1253","","N/A","0","1","1","1","CAP","4"
"XCO-520","IRMA CARINA PALMA NOVA","LOTE 38 SEC B RESI MARIA EUGENIA, JUTIAPA","5807-7562","","N/A","0","1","1","1","CAP","4"
"XCO-521","ASGREN","1AV 8-34  ZONA 2 COL GUADALUPE ZONA 3 VILLA NUEVA","5933-8543","","N/A","0","1","1","1","CAP","4"
"XCO-522","CHINA DEPOT","CIUDAD","4445-5558","","N/A","0","1","1","1","CAP","4"
"XCO-523","TU ESTILO","1AV CALLEJON ENTRER CALLE TRANSITO ROJAS  Y BO EL PORVENIR ZONA 4, JALAPA","4257-5832","","N/A","0","1","1","1","CAP","4"
"XCO-86","CAPAS CICLON","AV BOLIVAR 21-36 ZONA 1,CIUDAD","2285-0114","","N/A","0","1","1","1","CAP","4"
"XCO-20","ECOINNOVACIONES","7AV  3-50  ZONA 19 COL LA FLORIDA, CIUDAD","3513-2923","","N/A","0","1","1","1","CAP","4"
"XCO-21","BEAUTY STEEL","17AV 20-75  C.C. NOVICENTRO ZONA 11, CIUDAD","2476-6507","","N/A","0","1","1","1","CAP","4"
"XCO-23","POLAIRE","13 CALLE  15-02  ZON 12 COL REFORMITA, CIUDAD","2293-9008","","N/A","0","1","1","1","CAP","4"
"XCO-51","DE TODO PARA TUS MOÐOS GT","13 CALLE CASA 78 BRISAS DEL VALLE VILLA CANALES, GUATEMALA","4223-9173","","N/A","0","1","1","1","CAP","4"
"CON-524","ALMACEN CENTRO TELAS // TISSU S,A.","16 CALLE  4-56  ZONA 1, GUATEMALA","2230-1292 // 2230-6674","","N/A","0","2","1","1","CAP","4"
"XCO-525","GOLDEN PLATE","AMATITLAN, GUATEMALA","5495-9047","","N/A","0","1","1","1","CAP","4"
"XCO-526","MARGARITA BENEDETTI","0 CALLE 21-65  ZONA 15 . V.H. 2, CIUDAD","3013-3544","","N/A","0","1","1","1","CAP","4"
"CON-527","DISTRIBUIDORA FABY","3AV 18-24  ZONA 1, CIUDAD","2253-7775","","N/A","0","2","1","1","CAP","4"
"XCO-528","CUERINAS Y TAPICES","4AV 14-64  ZONA 1, GUATEMALA","5700-2626","","N/A","0","1","1","1","CAP","4"
"XCO-529","S.Y.F SUPLIES","KM 22.5 CARR SALVADOR COND LA FONTANA SAN JOSE PINULA, GUATEMALA","5918-3173","","N/A","0","1","1","1","CAP","4"
"XCO-530","GRUPO TEXTIL GUATEMALA","8AV 8-72  ZONA 2 SAN MIGUEL PETAPA, GUATEMALA","5105-8523","","N/A","0","1","1","1","CAP","4"
"XCO-531","IMPORTADORA SURTIPARTES","33 CALLE 9-06 ZONA 8, GUATEMALA","2471-4912","","N/A","0","1","1","1","CAP","4"
"CON-532","FASHIONISTA/WALLQUIRIA","RESI LAS ORQUIDEAS SAN JOSE PINULA, GUATEMALA","5336-5743","","N/A","0","2","1","1","CAP","4"
"XCO-533","MAQUIPARTS S,A.","CALEL MARTI 8-78  ZONA 2, GUATEMALA","2220-9726","","N/A","0","1","1","1","CAP","4"
"XCO-534","SABORES COSCO DE GUATEMALA S,A.","33 CALLE 26-68 ZONA 12, GUATEMALA","2500-5600","","N/A","0","1","1","1","CAP","4"
"XCO-535","MAXICAR","1AV 2-59  ZONA 9, GUATEMALA","5841-4663","","N/A","0","1","1","1","CAP","4"
"XCO-536","ALMACEN EL CISNE BLANCO","8 CALLE 10-75  ZONA 1, GUATEMALA","2253-8593","","N/A","0","1","1","1","CAP","4"
"XCO-537","ALMACEN SELENA","3AV 18-61  ZONA 1, GUATEMALA","2220-9456","","N/A","0","1","1","1","CAP","4"
"XCO-538","REGEPLAST","7AV  7-80  ZONA 12  COL LA REFORMA, GUATEMALA","2312-9000","","N/A","0","1","1","1","CAP","4"
"XCO-539","VANESA PALMA","3AV 2-17  ZONA 2  BO SAN FRANCISCO , JALAPA","4079-8157","","N/A","0","1","1","1","CAP","4"
"XCO-540","SOLPRO S,A.","KM  22.5 CARR SALVADOR OFIBODEGA 225 COMPLEJO ECOPLAZA FRAIJANES","6635-2163","","N/A","0","1","1","1","CAP","2"
"XCO-541","IMPORTADORA Y EXPORTADORA ROQUESA","18AV 15-60  ZONA 16 COL MONTE SANO","6676-5361","","N/A","0","1","1","1","CAP","4"
"XCO-542","VIVERO JAHS GARDEN","KM  22.5 CARR SALVADOR","3082-8689","","N/A","0","1","1","1","CAP","4"
"XCO-543","ALMACEN EL PUNTO","16 CALLE 5-47 C ZONA 1, GUATEMALA","2220-4851","","N/A","0","1","1","1","CAP","4"
"XCO-544","URBANIZADORA VALLE DE ORIENTE S,A.","KM  172 RUTA A ESQUIPULAS, CHIQUIMULA","5521-7605","","N/A","0","1","1","1","CAP","4"
"XCO-545","NOBLESE","4AV ENTRE 16 Y 17 CALLE ZONA 1, GUATEMALA","2230-2583","","N/A","0","1","1","1","CAP","4"
"GUA-546","SOLMER","8 CALLE  9-60  ZONA 1, GUATEMALA","2251-3011","","EUGENIA SOLIS","0","3","1","1","CAP","4"
"GUA-547","TRANSPORTES WHITE // WALTER WRIGHT S,A.","8AV 2-50  ZONA 2 SAN JOSE VILLA NUEVA, GUATEMALA","6610-0300","","N/A","0","3","1","1","CAP","4"
"XCO-548","MIA SECRET//JL INTERNACIONAL S,A","19 CALLE 3-19 ZONA 1 MULTICENTRO LOCAL 18","4114-8129","","N/A","0","1","1","1","CAP","1"
"CON-549","GRUPO CUSTOM","RUTA 7 6-42  ZONA 4, GUATEMALA","2217-6100","","N/A","0","2","1","1","CAP","4"
"XCO-550","EDDY LEM","12 CALLE  15-35  ZONA 1, GUATEMALA","2326-9200","","N/A","0","1","1","1","CAP","4"
"XCO-551","OLINE FEMME","2AV  51-61  ZONA 1 COL CASTAÐAS, GUATEMALA","4035-0662","","N/A","0","1","1","1","CAP","4"
"XCO-552","INTER CONTINENTAL IMPEX  S,A.","7 CALLE  4-50  ZONA 1, GUATEMALA","2220-6259","","N/A","0","1","1","1","CAP","4"
"XCO-553","DISTRIBUIDORA DE GUATEMALA","17CALLE  3-08  ZONA 1, GUATEMALA","2221-0548","","N/A","0","1","1","1","CAP","4"
"XCO-554","ALMACEN TODO EL MUNDO","9AV  8-65  ZONA 1, GUATEMALA","2253-6782","","N/A","0","1","1","1","CAP","4"
"XCO-555","WONMI","23 CALLE  2-11  ZONA 1, GUATEMALA","5704-4884","","N/A","0","1","1","1","CAP","4"
"XCO-556","ALMACEN EL GANADOR","17 CALLE 8AV  ZONA 1, GUATEMALA","5372-1234","","N/A","0","1","1","1","CAP","4"
"XCO-558","DISTRIBUIDORA FLORIDA","2AV  21-51  ZONA 1, GUATEMALA","3667-4352","","N/A","0","1","1","1","CAP","4"
"XCO-559","IMPORTADORA INTERPACAS // JASMIN URIAS","LOTE 1 MANZ 17 SAN RAFAEL BUENA VISTA ZONA 18, GUATEMALA","4773-9110","","N/A","0","1","1","1","CAP","4"
"XCO-560","IMPORTADORA HIFARGO S,A.","20 CALLE  1-83  ZONA 1, GUATEMALA","2251-8414","","N/A","0","1","1","1","CAP","4"
"XCO-561","DISTRIBUIDORA NOVATEX S,A.","5AV ENTRE 9A Y 10 CALLE ZONA 1, GUATEMALA","2253-7717","","N/A","0","1","1","1","CAP","4"
"XCO-562","BIOMERCANTIL  S,A.","SAN MIGUEL PETAPA ZONA 10 OFIBODEGAS SAN DIEGO BOD 10","6620-5830","","N/A","0","1","1","1","CAP","4"
"XCO-563","FACONTEX","5 CALLE 13-44  ZONA 1, GUATEMALA","2221-3500","","N/A","0","1","1","1","CAP","4"
"XCO-564","COLECCION TEXTIL / DAVID GALVEZ","3 CALLE 11-13  ZONA 1, GUATEMALA","3012-1249","","N/A","0","1","1","1","CAP","4"
"XCO-565","IMPORTADORA BARTOLA","KM 48 RUTA INTER SUMPANGO, CHIMALTENANGO","4943-7065","","N/A","0","1","1","1","CAP","4"
"CON-566","WILBER LOPEZ / PELETERIA GENESIS","15AV 18-01  ZONA 6, GUATEMALA","5575-7326","","N/A","0","2","1","1","CAP","4"
"CON-568","VINICOLA CENTROAMERICANA S,A.","3AV 18-56  ZONA 2 INT FINCA EL ZAPOTE, GUATEMALA","2315-7000","","N/A","0","2","1","1","CAP","4"
"XCO-567","UNIMARK","27AV  33-80  ZONA 12 BODEGAS SANTA ELIZA, GUATEMALA","2442-3483","","N/A","0","1","1","1","CAP","4"
"XCO-569","REFAMA REPUESTOS S,A.","17AV 27-81  ZONA 7 RESI FUENTES DEL VALLE SAN MIGUEL PETAPA","6635-4386","","N/A","0","1","1","1","CAP","4"
"XCO-570","RUJAF S,A.","26 CALLE 8-07  ZONA 7 RESI FUENTES DEL VALLE, SAN MIGUEL PETAPA","6635-4569","","N/A","0","1","1","1","CAP","4"
"XCO-571","MANANTIAL DE LA CULTURA S,A.","7AV 3-03  ZONA 1, GUATEMALA","2238-6100","","N/A","0","1","1","1","CAP","4"
"XCO-572","ALMACEN EL CISNE","18 CALLE 2-51  ZONA 1, GUATEMALA","5462-1813//57682232","","N/A","0","1","1","1","CAP","4"
"XCO-573","ALMACEN LI","6AV 15-60  ZONA 1, GUATEMALA","2238-2606","","N/A","0","1","1","1","CAP","4"
"XCO-574","MARIEL RODAS // KAIROS","29AV 29-64  ZONA 7 SAN MIGUEL PETAPA, GUATEMALA","4230-7388","","N/A","0","1","1","1","CAP","4"
"XCO-575","INCOMER","44 CALLE 18-01  ZONA 12, GUATEMALA","2295-9982","","N/A","0","1","1","1","CAP","4"
"XCO-576","GLOBAL IMPORTADORA EBEN EZER","5AV 16-45  ZONA 1, GUATEMALA","2253-2117","","N/A","0","1","1","1","CAP","4"
"XCO-577","EL NAYLON S,A.","4AV 15-08  ZONA 1, GUATEMALA","2253-5402","","N/A","0","1","1","1","CAP","4"
"CON-578","INCOMER","44 CALLE  18-01  ZONA 12, GUATEMALA","2295-9982","","N/A","0","2","1","1","CAP","4"
"XCO-579","CHIPS","CARR SALVADOR  KM 25.5 FRAIJANES, GUATEMALA","6664-5151","","N/A","0","1","1","1","CAP","4"
"XCO-580","KASLEMAL","19AV MANZ  3 LOTE 69 ZONA 16 MONTE SARRO, GUATEMALA","4481-1563","","N/A","0","1","1","1","CAP","4"
"CON-581","CONFECCIONES JHON ALBERT","1 CALLE  0-72  ZONA 1, SAN FRANCISCO EL ALTO, TOTONICAPAN","5359-8364","","N/A","0","2","1","1","CAP","4"
"XCO-582","ALMACEN NUMERO UNO","6AV A 15-73  ZONA 1, GUATEMALA","2232-1067","","N/A","0","1","1","1","CAP","4"
"XCO-583","WAN XIN","3AV 17-07 ZONA 1, GUATEMALA","2221-0405","","N/A","0","1","1","1","CAP","4"
"XCO-584","VARIEDADES ARCO IRIS","2AV 20-42  ZONA 1, GUATEMAL","5706-7600","","N/A","0","1","1","1","CAP","4"
"XCO-585","SUPER REPUESTOS ADVANCE  S,.A.","VIA BILBAO CASA 29 ZONA 8 DE MIXCO, SAN CRISTBAL, GUATEMALA","4211-5945","","N/A","0","1","1","1","CAP","4"
"XCO-586","ALENRO","11 CALE  11-74  ZONA 1, GUATEMALA","2225-0400","","N/A","0","1","1","1","CAP","4"
"XCO-587","CARGAS UNIVERSALES","3AV 20-25  ZONA 1, GUATEMALA","2253-0796","","N/A","0","1","1","1","CAP","4"
"GUA-588","MILLENIUM","CIUDAD, GUATEMALA","2445-4422","","N/A","0","3","1","1","CAP","3"
"XCO-589","DOS MARES S,A.","20 CALLE  25-96  ZONA 10, GUATEMALA","2228-6837","","N/A","0","1","1","1","CAP","4"
"XCO-590","LOPSA","KM 16.5 CARR SALVADOR EDID SANA","5300-2919","","N/A","0","1","1","1","CAP","4"
"XCO-591","ABRIAS IMPORT","17 CALLE  3-68  ZONA 1, GUATEMALA","5038-1310","","N/A","0","1","1","1","CAP","4"
"XCO-592","GOLD STAR","2AV 18-53  ZONA 1, GUATEMALA","5036-2452","","N/A","0","1","1","1","CAP","4"
"XCO-593","IMPORTADORA SACA S,A.","10AV 5-51  ZONA 1, GUATEMALA","2232-8938","","N/A","0","1","1","1","CAP","4"
"XCO-595","SOLUCIONES PARA MUEBLES  S,A.","CARR SAN JOSE PINULA KM  16.5 CASERIO SAN MARTIN","2229-2900","","N/A","0","1","1","1","CAP","4"
"XCO-596","IMPORTADORA QUIÐONEZ","35 CALLE  11-35  ZONA 8, GUATEMALA","2440-5993","","N/A","0","1","1","1","CAP","4"
"XCO-597","DISTRIBUCIONES INDUSTRIALES VARIABLES S,A.","KM 16.5 CARR SAN JOSE PINULA, GUATEMALA","6637-5282","","N/A","0","1","1","1","CAP","4"
"XCO-598","RESORTES UNIVERSALES","7AV 33-00  ZONA 8, GUATEMALA","5206-1238","","N/A","0","1","1","1","CAP","4"
"XCO-599","SAGRAN //CEGUREX","5 CALLE  0-04  ZONA 1, GUATEMALA","2230-4438","","N/A","0","1","1","1","CAP","4"
"GUA-594","MEDICIN FARMACEUTICA S,A.","1 CALLE  0-10  ZONA 1, GUATEMALA","2202-8383","","N/A","0","3","1","1","CAP","1"
"XCO-600","ROGER ALECIO","14AV  4-03  ZONA 4 BO MONTE REY, RETALHULEU","7736-3960","","N/A","0","1","1","1","CAP","4"
"XCO-601","PLASTICS AND MOLDS S,A.","KM 16.5 CARR SAN JOSE PINULA EMPRESARIAL SAN JOSE INT. BOD 23","3009-8652","","N/A","0","1","1","1","CAP","4"
"XCO-602","CAFE BAR GUATEMALA","1AV 4-45  ZONA 1 BOCA DEL MONTE, GUATEMALA","2311-3300","","N/A","0","1","1","1","CAP","4"
"XCO-603","JEANS COLOMBIA 502","CIUDAD","4116-5881","","N/A","0","1","1","1","CAP","4"
"XCO-604","MODA CASASOLA","3AV 4-58  ZONA 8 MIXCO, GUATEMALA","4102-9463","","N/A","0","1","1","1","CAP","4"
"XCO-605","FRAGANCIAS EXPRESS GT","34 CALLE 12-95 ZONA 13, GUATEMALA","4444-9667","","N/A","0","1","1","1","CAP","4"
"XCO-606","LATINA""S FASHION S,A.","19 CALLE 2-42 ZONA 1, GUATEMALA","2230-4755","","N/A","0","1","1","1","CAP","4"
"XCO-607","CORPORACION NOVIEMBRE  NUEVE S,A.","1 CALLE 1-55 SEC B-4 SAN CRISTOBAL ZONA 8 MIXCO, GUATEMALA","2304-4100","","N/A","0","1","1","1","CAP","4"
"XCO-608","CONCRETOS Y MATERIALES","16AV LOTE 50 COL GOBERNACION ZONA 6, GUATEMALA","4861-6713","","N/A","0","1","1","1","CAP","4"
"CON-609","EL SHAMS","19 CALLE 3-55  ZONA 1, GUATEMALA","4126-4669","","N/A","0","2","1","1","CAP","4"
"XCO-610","EL SHAMS","19 CALLE 3-55  ZONA 1, GUATEMALA","4126-4669","","N/A","0","1","1","1","CAP","4"
"XCO-612","ELECTRONICO AVP","17 CALLE  3-71 B ZONA 1, GUATEMALA","5038-1310","","N/A","0","1","1","1","CAP","4"
"XCO-613","MYNOR MENCHU","CIUDAD","50989-9943","","CIUDAD","0","1","1","1","CAP","4"
"XCO-614","LACETEX","AV PETAPA  40-67  ZONA 12, GUATEMALA","2226-3300","","N/A","0","1","1","1","CAP","4"
"XCO-615","EUROSUELAS","17 CALLE  2-33  ZONA 1, GUATEMALA","2230-3935","","N/A","0","1","1","1","CAP","4"
"XCO-616","VARIEDADES MELGAR /// ALEJANDRA MELGAR","VILLA NUEVA, GUATEMALA","5549-9469","","N/A","0","1","1","1","CAP","4"
"XCO-617","ZANTMARO EDICIONES S,A","5 CALLE  14-25  ZONA 11 COL CARABANCHEL, GUATEMALA","2474-8620","","N/A","0","1","1","1","CAP","4"
"XCO-618","CHAPINITA 502 // LUU MONTE","5AV LOTE 5 MANZ C SEC 1 CIUDAD QUETZAL, GUATEMALA","5136-9048","","N/A","0","1","1","1","CAP","4"
"XCO-611","BONITA GT","CIUDAD","4581-8042","","N/A","0","1","1","1","CAP","4"
"GUA-619","MANANTIAL DE LA CULTURA S,A.","7AV 3-03  ZONA 1, GUATEMALA","2238-6100","","LIDIA ARANA","0","3","1","1","CAP","4"
"CON-620","SHURA TECNOLOGIA","CIUDAD","5459-9640","","N/A","0","2","1","1","CAP","4"
"CON-621","CLINICA MEDICA Y LABORATORIO DE PATOLOGIA Y CITOLOGIA EXFOLIATIVA","6 CALLE  4-17 ZONA 1, GUATEMALA","2230-0031","","N/A","0","2","1","1","CAP","4"
"XCO-623","SISTEMAS INTERACTIVOS","4AV 15-29  ZONA 1, GUATEMALA","5594-8163","","FILOMENA TZUY","0","1","1","1","CAP","4"
"XCO-624","PROINCA S,A.A","3AV 13-61  ZONA 1, GUATEMALA","2251-5318","","N/A","0","1","1","1","CAP","4"
"XCO-625","INDUSTRIAS PAMARCO S,A.A","17AV  49-60  ZONA 12,GUATEMALA","2253-4313","","N/A","0","1","1","1","CAP","4"
"XCO-626","MY HOME","SAN JOSE VILLA NUEVA, GUATEMALA","4477-6242","","N/A","0","1","1","1","CAP","4"
"XCO-627","FIESTA KANU","19 CALLE  2-63  ZONA 1, GUATEMALA","2230-4673","","N/A","0","1","1","1","CAP","4"
"XCO-628","JOSE JEREZ // DISTRIBUIDORA JIREH","12AV 45-49  ZOA 12 RESI VILLA DEL SOL, GUATEMALA","4763-1659","","N/A","0","1","1","1","CAP","4"
"CON-629","JOSE JEREZ//DISTRIBUIDORA JIREH","12AV  45-49  ZONA 12 RESI VILLA DEL SOL, GUATEMALA","4763-1659","","N/A","0","2","1","1","CAP","4"
"XCO-630","LOURDES LOPEZ","BO VISTA BELLA EL JICARO EL PROGRESO GUASTATOYA","5578-3885","","N/A","0","1","1","1","CAP","4"
"XCO-631","EVER GONZALEZ","17 CALLE  2-26  ZONA 1, GUATEMALA","5345-3952","","N/A","0","1","1","1","CAP","4"
"XCO-632","WILMER LOPEZ","2AV15-80 ZONA 1, GUATEMALA","5989-9233","","N/A","0","1","1","1","CAP","4"
"XCO-633","PANDA COLOR","4 CALLE A 26-76  ZONA 7 COL KAMINAL JUYU 1, GUATEMALA","2507-9500","","N/A","0","1","1","1","CAP","4"
"XCO-634","DISTRIBUCIONES Y REPRESENTACIONES IBEROAMERICANAS","2AV 18-54  ZONA 1, GUATEMALA","2444-4500","","NELY","0","1","1","1","CAP","4"
"PRE-635","LIBROS RESTAURACION","2 CALLE  1-84  ZONA 1 BO EL CENTRO ELPROGRESO, JUTIAPA","7821-5069","","NIT 8900961-4","0","4","1","1","CAP","3"
"XCO-636","KANU S,A.","27AV 7-25 ZONA 4 FINCA EL NARANJO,MIXCO","2508-2052","","HENRY CAAL","0","1","1","1","CAP","4"
"XCO-637","PRODUCTOS ILIMITADOS","33 CALLE 31-76  ZONA 12, GUATEMALA","3230-1308","","MANUEL MENDEZ","0","1","1","1","CAP","4"
"XCO-638","INGRID LEON","1AV  17-50  ZONA 3, GUATEMALA","2220-6490","","INGRID LEON","0","1","1","1","CAP","4"
"XCO-639","ALMACEN LA PALMA","9AV  6-03 ZONA 1, GUATEMALA","2232-1109","","RUTH CORTEZ","0","1","1","1","CAP","4"
"XCO-640","SHEILY CASTAÐEDA","23AV 31-46  ZONA 7, SAN MIGUEL PETAPA, GUATEMALA","5570-6189","","SHEILY CASTAÐEDA","0","1","1","1","CAP","4"
"XCO-641","LOPEZ EXPRESS","15AV  6-48  ZONA 14, GUATEMALA","5517-4116","","WILLIAMS LOPEZ","0","1","1","1","CAP","4"
"CON-643","ZAFRA GUATE","7AV 1-80 A ZONA 1, CHIQUIMULA","4725-3064","","JOSUE HURTADO","0","2","1","1","CAP","4"
"XCO-644","MUEBLE CENTER","COMPLEJO COMERCIAL EL FRUTAL LOCAL 211 ZONA 5, VILLA NUEVA","5872-5244","","N/A","0","1","1","1","CAP","4"
"XCO-645","ISABEL CHAVEZ","37AV  1-16  ZONA 11 COL TOLEDO, GUATEMALA","4769-2788","","N/A","0","1","1","1","CAP","4"
"PRE-646","ASGREN","1AV 8-34 COL GUADALUPE ZONA 2 VILLA NUEVA, GUATEMALA","5933-8543","","N/A","0","4","1","1","CAP","4"
"XCO-647","VARIEDADES BERACA","36AV  19-49  ZONA 7 VILLA HERMOSA, SAN MIGUEL PETAPA","5895-2884","","N/A","0","1","1","1","CAP","4"
"XCO-648","REPUESTOS SAN JOSE // SERVICIOS MERCANTILES DE CENTRO AMERICA","27AV 8-26  ZONA 4 MIXCO, GUATEMALA","2324-7535","","N/A","0","1","1","1","CAP","4"
"XCO-649","IMPORTADORA Y DISTRIBUIDORA MAHANAIM","1 CALLE  35-57  ZONA 7 COL TOLEDO, GUATEMALA","2329-4700","","N/A","0","1","1","1","CAP","4"
"XCO-650","BOX SECURITY","10 CALLE A 0-48  ZONA 10, GUATEMALA","2234-6801","","N/A","0","1","1","1","CAP","4"
"CON-651","MULTIPRODUCTOS HOSPITALARIOS E INDUSTRIALES S,A.","14AV  19-50  ZONA 4 MIXCO, GUATEMALA","2316-8904","","N/A","0","2","1","1","CAP","1"
"XCO-652","DURAGUATE","3AV 13-20  ZONA 3 COL EL ROSARIO MIXCO, GUATEMALA","2431-4481","","HENRY","0","1","1","1","CAP","4"
"CON-653","DURAGUATE","3AV 13-20  ZONA 3 COL EL ROSARIO MIXCO, GUATEMALA","2431-4481","","HENRY","0","2","1","1","CAP","4"
"XCO-655","INDUSTRIAL CHEMICAL PRODUCTS","10 CALLE  12-32  ZONA 8 DE MIXCO, GUATEMALA","2382-0900","","JUDITH MORAN","0","1","1","1","CAP","4"
"XCO-656","DECORAFLORES","7 CALLE 2-35  ZONA 1, MAZATENANGO","7872-3763","","VIVIAN MIRON","0","1","1","1","CAP","4"
"XCO-657","JOLIVER MORALES","ALDEA JUMUZNA RIO HONDO, ZACAPA","5920-9229","","JOLIVER MORALES","0","1","1","1","CAP","4"
"XCO-658","EVELING MALDONADO","3 CALLE LOTE 14 LOTIF VISTA AZUL, MAZATENANGO","5699-5211","","EVELING MALDONADO","0","1","1","1","CAP","4"
"CON-659","GANORSA","AV DEL FERROCARRIL 19-97 ZONA 12 CORTIJO  1","5907-4012","","CESAR MORALES","0","2","1","1","CAP","4"
"XCO-660","LIBRERIA Y PAPELERIA EMELY","4 CALLE  10-29  ZONA 4 RESI ANA LUCIA, RETALHULEU","5560-2837","","RAQUEL CASTRO","0","1","1","1","CAP","4"
"CON-661","DENISE RODRIGUEZ","1 CALLE  10-108  ZONA 4 SAN MARCOS","5828-3975","","DENISE RODRIGUEZ","0","2","1","1","CAP","4"
"XCO-662","DISTRONIC","5AV 2-29  ZONA 1, RETALHULEU","7771-1446","","JONY GAMBOA","0","1","1","1","CAP","4"
"CON-663","LABORATORIO LASANA","AV ELENA  12-62  ZONA 3, GUATEMALA","2292-1702","","NANCY CASTILLO","0","2","1","1","CAP","4"
"CON-664","DISTRIBUIDORA LAS MERCEDES","21 CALLE 1-43  ZONA 3, GUATEMALA","5017-0377","","N/A","0","2","1","1","CAP","4"
"XCO-665","JOYERIA Y DETALLES GUATEMALA","6AV 9-62  ZONA 1, GUATEMALA","4537-6001","","N/A","0","1","1","1","CAP","4"
"XCO-666","MUNDO MATERNAL GUATEMALA","6AV 9-62  ZONA 1, GUATEMALA","5665-3111","","N/A","0","1","1","1","CAP","4"
"XCO-667","ARPROSI","5AV 0-62  ZONA 3, GUATEMALA","2219-6974","","YOHANA","0","1","1","1","CAP","4"
"CON-668","CORPORACION PLASTICOS","26AV 5-10  ZONA 4 MIXCO, GUATEMALA","5128-6321","","FERNANDO P.","0","2","1","1","CAP","4"
"XCO-669","TELAS LAFAYETTE DE GUATEMALA","10AV 18-02  C.C. PRISMA ZONA 10, GUATEMALA","2228-6095","","KAREN BORRAYO","0","1","1","1","CAP","3"
"GUA-670","OFIMEDIC","MANZ F LOTE 13 SEC 2 ZONA 4 MIXCO, GUATEMALA","2432-8626","","CARLOS SOLORZANO","0","3","1","1","CAP","4"
"XCO-671","COMERCIALIZADORA J.A. VASQUEZ","5 CALLE  1-08  ZONA 13, GUATEMALA","4497-5242","","N/A","0","1","1","1","CAP","4"
"GUA-672","CINTAMAX","13 CALLE  12-34  ZONA 1, GUATEMALA","2319-0505","","BRIA RODOLFO BARRIIOS QUEVEDO","0","3","1","1","CAP","4"
"XCO-673","TUBELITE S,A","CALZ ATANASIO TZUL 22-00  ZONA 12 CORTIJO 2, GUATEMALA","2326-8400","","ANDRES CARIAS","0","1","1","1","CAP","4"
"XCO-674","SAUL HERNANDEZ","BO EL RASTRO IPALA, CHIQUIMULA","4479-2552","","TANIA PORTALES","0","1","1","1","CAP","4"
"XCO-675","LA PARFUMERIE","C.C. PLAZA ATANASIO TZUL   ZONA 12","5599-6356","","CINTHIA AGUILAR","0","1","1","1","CAP","4"
"XCO-676","ELDER DE LA CRUZ / ETIKA","12CALLE  19-66  ZONA 17 LOMAS DEL NORTE","4768-0454","","ELDER DE LA CRUZ","0","1","1","1","CAP","4"
"XCO-677","TEMSA","5AV  7-33  ZONA 9, GUATEMALA","2334-3484","","ONOFRE PAREDES","0","1","1","1","CAP","4"
"XCO-678","DISLASA","AV REFORMA  6-30  ZONA 4, GUATEMALA","2491-2222","","MARTA GUZMAN","0","1","1","1","CAP","4"
"XCO-680","FERRETERIA ARREOLA","2 CALLE 32-77 OFIBODEGA SAN MATEO","2233-7498","","CARLOS JOSUE ARREOLA ILLESCAS","0","1","1","1","CAP","4"
"GUA-681","CORPORACION ANSARO","17AV 4-06  ZONA 1  COL MIRAFLORES, GUATEMALA","2216-2727","","CAREN LEON ARCHILA","0","3","1","1","CAP","3"
"CON-682","DISTRIBUIDORA DEL CARIBE  DE GUATEMALA","13AV  3-26  ZONA 1, GUATEMALA","2253-3926","","N/A","0","2","1","1","CAP","4"
"XCO-683","DISTRIBUIDORA DEL CARIBE DE GUATEMALA","13AV  3-26 ZONA 1, GUATEMALA","2553-3926","","N/A","0","1","1","1","CAP","4"
"XCO-684","TECNIFIL","7 CALLE  31-76  BLV BOSQUES DE SAN NICOLAS ZONA 4 MIXCO","2509-2149","","TECNIFIL","0","1","1","1","CAP","4"
"CON-685","TECNIFIL","7 CALLE  31-76  BLV BOSQUES DE SAN NICOLAS ZONA 4 MIXCO","2509-2149","","N/A","0","2","1","1","CAP","4"
"XCO-686","ARAD IMPORTADORA // PLATINUM 365","CALZ AGUILAR BATRES   8-67 LOCAL  14 ZONA 12","4640-5474","","WENDY YANES","0","1","1","1","CAP","4"
"CON-687","ARAD IMPORTADORA // PLATINUM 365","CALZ AGUILAR BATRES  8-67  LOCAL  14 ZONA 12","4640-5474","","WENDY YANES","0","2","1","1","CAP","4"
"ESC-688","IMPORTADORA NORTE","2AV 8-93  LOCAL A ZONA 1, ESCUINTLA","2477-2400","","N/A","0","3","1","1","CAP","3"
"GUA-689","DISTRIBUIDORA R Y R","KM 17.5 CARR BARCENAS, LOTE 12 COL EL MAESTRO ZONA 3 VILLA NUEVA","6629-2810","","ROBERTO MORATAYA","0","3","1","1","CAP","3"
"GUA-690","ADIR INTERNACIONAL DE GUATEMALA, CIA, LTDA","2 CALLE  32-77  ZONA 7 OFIBODEGA SAN MATEO 6 GUATEMALA","2433-9614","","MANUEL URIZAR","0","3","1","1","CAP","4"
"XCO-691","INCOVA","PRADOS DE COATEPEQUE ZONA 1 CONDOMINIO EUCALIPTOS 1 CASA 19","5482-6569","","JULIA VASQUEZ","0","1","1","1","CAP","3"
"XCO-692","LABORATORIO CALIDAD QUIMICA S,A.","12AV 5-36  ZONA 11 COL ROOSEVELTH","0","","N/A","0","1","1","1","CAP","4"
"XCO-693","MAYOREO D Y T","3AV CALLE PRINCIPAL SAN JOSE EL IDOLO, MAZATENANGO","5472-5924","","DARLIN VASQUEZ","0","1","1","1","CAP","4"
"CON-694","IMPORTACIONES D Y T","3 AV CALLE PRINCIPAL SAN JOSE EL IDOLO, MAZATENANGO","5472-5924","","DARLIN VASQUEZ","0","2","1","1","CAP","4"
"XCO-695","WACHALAL //FUENTES DEL ESTILO S,A.","20 CALLE  2-21 ZONA 1,GUATEMALA","2208-3434","","ADRIANA CASTILLO","0","1","1","1","CAP","3"
"CON-696","XC FASHION","2AV 5-61 COL INDE-GUATEL2 LINDA VISTA ZONA 4, VILLA NUEVA","0","","MARIO GOMEZ","0","2","1","1","CAP","4"
"XCO-697","XC FASHION","2AV 5-61  COL INDE-GUATEL 2 LINDA VISTA  ZONA 4, VILLA NUEVA","0","","MARIO GOMES","0","1","1","1","CAP","4"
"CON-698","FARMACEUTICA MAR, S.A.","12 AVENIDA 13-28 ZONA 12","2490-3535","","N/A","0","2","1","1","CAP","3"
"XCO-699","CALZADO RAQUEL","BO EL CALVARIO CALLE AL CEMENTERIO EL PROGRESO GUASTATOYA","4261-5835","","EDELMA RAQUEL MAYEN","0","1","1","1","CAP","4"
"GUA-700","FOYER GUATEMALA, S,A.","AV FERROCARRIL  19-97  ZONA 12 CORTIJO 1 BOD 211-212","2217-0606","","GERARDO ARMANDO MORALES","0","3","1","1","CAP","4"
"XCO-701","GUATE COSAS","29 CALLE B 10-20  ZONA 13 COL SANTA FE, GUATEMALA","4741-1795","","LOURDES DIAZ","0","1","1","1","CAP","4"
"PRE-702","IMPORTADORA Y EXPORTADORA MARROQUIN","AV HINCAPIE  24-20  ZONA 13, GUATEMALA","4769-7701","","EDUARDO MARROQUIN","0","4","1","1","CAP","4"
"PRE-703","VELVETH PALMA","AV ACHUAPA  4-31 ZONA 1 EL PROGRESO, JUTIAPA","5579-9217","","N/A","0","4","1","1","CAP","3"
"PRE-704","IMPOMARCAS","BO SAN SEBASTIAN ASUNCION MITA, JUTIAPA","5015-6835","","N/A","0","4","1","1","CAP","3"
"PRE-705","A LA MODA GT","RESI MONTEBELLO 1 3AV CASA  198 ZONA 3, MAZATENANGO","5633-8386","","KELLY DE PAZ","0","4","1","1","CAP","3"
"GUA-706","COMERCIALIZADORA BIOAGRO","50 CALLE 15AV FINAL SEC-1 CASA 8 ZONA 12, GUATEMALA","2212-4583","","LUCRECIA GALICIA","0","3","1","1","CAP","3"
"XCO-707","DE TODO PARA EL CABELLO","4AV 10-30 ZONA 1, GUATEMALA","0","","N/A","0","1","1","1","CAP","3"
"XCO-708","DALIA MUÐOZ","10 CALLE 13-45  ZONA 17 COL LOMAS DEL NORTE","4009-9195","","N/A","0","1","1","1","CAP","3"
"PRE-709","PRODUCTOS VAISER","2 CALLE  1-84 ZONA 1 BO EL CENTRO EL PROGRESO, JUTIAPA","5731-2221","","N/A","0","4","1","1","CAP","3"
"XCO-710","CARLOS GIRON // CROCS GIRON","3 CALLE  1-91 RESI PALMA REAL, ESCUINTLA","4199-5857","","N/A","0","1","1","1","CAP","4"
"XCO-711","SURJA","1 CALLE  4-19  ZONA 3 , VILLAS DE COSTA BELLA ESCUINTLA","7889-3026","","JAYRON ALBERTO MARROQUIN MURALLES","0","1","1","1","CAP","4"
"CON-712","PESAS CASERAS GT","21 AVENIDA 7-21 ZONA 11 COLONIA MIRADOR","5574-9665","","ANDREA GODINEZ","0","2","1","1","CAP","4"
"XCO-713","PESAS CASERAS GT","21 AVENIDA 7-21 ZONA 11 COLONIA MIRADOR","5574-9665","","ANDREA GODINEZ","0","1","1","1","CAP","4"
"XCO-714","WORLD OF THE FASHION /// LOVE DELUXE","2 AV 10-35 ZONA 1 ESQUIPULAS","58123539","","CARLOS MAURICIO HURTADO // FLORIDALMA RAMOS","0","1","1","1","CAP","3"
"XCO-716","TEXTILES Y TELAS S,A.// TEXTELA","8 CALLE  9-13  ZONA 1, GUATEMALA","2232-4941","","ALEJANDRO AGUILAR","0","1","1","1","CAP","4"
"XCO-717","ALMACEN GUANA CHAPIN","19 CALLE 2-742 ZONA 1 COMERCIAL 19 LOCAL 11","4936-8955","","GLORIA ESTELA CRUZ ALDANA","0","1","1","1","CAP","4"
"XCO-719","LA CASA DE LOS HILOS","9 AVENIDA 7-35 LOCAL 110","5016-0822","","FLORY PECHE","0","1","1","1","CAP","4"
"XCO-721","ALMACEN FELIZ","17 CALLE 5-63 ZONA 1 LOCAL F2","58915800","","JULIO CHOCON","0","1","1","1","CAP","4"
"CON-722","GUILLERMO VALENZUELA","LOTE 2 COL JACARANDAS KM 59.5 ESCUINTLA","5000-2520","","GUILLERMO VALENZUELA","0","2","1","1","CAP","4"
"XCO-723","EMMA MARCOLFA ROMERO","COL MONTE MARIA 1 ZONA 11","4770-2924","","EMMA MARCOLFA ROMERO","0","1","1","1","CAP","3"
"XCO-724","COMERCIAL EL CASTAÐO","13 AVENIDA B 31-12 ZONA 7","4175-5631","","PABLO CASTAÐON","0","1","1","1","CAP","4"
"XCO-720","LA PERLA","19 CALLE 2-42 COMERCIAL LA 19 LOCAL 10 ZONA 1","3367-8183","","N/A","0","1","1","1","CAP","4"
"XCO-726","KALA JOYERIA ONLINE","11AV B 1-43  COL NUEVA MONSERRAT ZONA 3 DE MIXCO","5787-5211","","SINSY PAOLA CORTEZ  VASQUEZ","0","1","1","1","CAP","4"
"XCO-727","SANTIS SHOP","5AV 10-01  COL LA REFORMITA  ZONA  12, GUATEMALA","5611-4089","","ROLANDO DE LEON","0","1","1","1","CAP","4"
"XCO-728","ACCESORIIOS BONITA","12AV 3-51  ZONA 11 RESI ARCOS DE PETAPA, SAN MIGUEL PETAPA","4137-7646","","MADELIN YOHANA MOREJON SILIEZAR","0","1","1","1","CAP","4"
"XCO-729","ALBA CARDONA","COLONIA LA REFORMA SAN CRISTOBAL FRONTERA ATESCATEMPA, JUTIAPA","4721-7980","","ALBA CARDONA","0","1","1","1","CAP","4"
"XCO-730","EL MUNDO DE LAS FANTACIAS","6TA AVENIDA 14-31 ZONA 1","2220-3414","","MAYRA GONZALEZ","0","1","1","1","CAP","4"
"XCO-731","RENOVART GT","15 AVENIDA 4-68 ZONA 1 APTO A","4713-9426/5480-6367","","KIMBERLY ESCOBAR /FREDY RODAS","0","1","1","1","CAP","4"
"PRE-732","COMERCIALIZADORA BIOAGRO","50 CALLE 15 AVE. FINAL SECTOR 1 CASA 8 ZONA 12 VIENTOS DEL VALLE","5574-9736","","ARMANDO DELGADO","0","4","1","1","CAP","4"
"PRE-733","COMERCIALIZADORA BIOAGRO","50 CALLE 15 AV. FINAL SECTOR 1 CASA 8 ZONA 12 VIENTOS DEL VALLE","5574-9736","","ARMANDO DELGADO","0","4","1","1","CAP","4"
"XCO-734","NANCY MELISSA OBREGON","KM 145.5 CARR A GUATEMALA A UN COSTADO AUTOHOTEL 3 ASES SAN ANTONIO SUCHITE","5692-5857","","NANCY OBREGON","0","1","1","1","CAP","4"
"XCO-735","LA TIENDA DE ALESSANDRO","GUALAN ZACAPA","5516-2557","","IVANNA FAJARDO","0","1","1","1","CAP","4"
"XCO-736","VARIEDADES RD","ALDEA SANTACRUZ RIO HONDO FRENTE PARQUE CENTRAL CASA PORTON ROJO","55914242","","FELIPE RAMIREZ","0","1","1","1","CAP","4"
"XCO-738","TENDENCIAS G.T. ROPA Y ACCESORIOS","LOTE 9 SECTOR 2 COL SANTA BARBARA ZONA 18","3060-3072/ 5944-7988","","NANCY REVOLORIO/ HEISY STEPHANIE CIFUENTES","0","1","1","1","CAP","4"
"XCO-739","SOFIA STORE Y TERNURITAS GT","19 AVENIDA 2-76 ZONA 13 SAN MIGUEL PETAPA RESIDENCIAL CAÐADAS DEL RIO","4444-6368/3614-5211","","FRANCISCO ABDIEL PEREZ / DINA RAQUEL ARMIRA","0","1","1","1","CAP","4"
"XCO-740","KATHERINE ONLINE STORE","CALLE PANAMA A UN COSTADO RASTRO MUNICIAPL NUEVA CONCEPCION ESCUINTLA","4597-9001","","KATERIN JOHANA DIAZ CASTILLO","0","1","1","1","CAP","4"
"XCO-742","ALMACEN LISSATEX","5TA. AVENIDA 15-56 ZONA 1","4003-9312","","MAYRA CARRANZA","0","1","1","1","CAP","4"
"XCO-743","KERAFRUT","1 AVENIDA 2 CALLE ZONA 2 BARRIO LA ESPERANZA JALAPA","4786-1303","","LUIS OROZCO","0","1","1","1","CAP","4"
"XCO-744","COMERCIALIZADORA JIREH M Y A S.A.","KM 19.5 RUTA AL PACIFICO CONDOMINIO EMPRESARILA NACIONES UNIDAS VILLA NUEVA","5547-7969","","ALBERTO GONZALEZ","0","1","1","1","CAP","4"
"PRE-745","502 AUTO PARTS S,A.","SALIDA A CAMINOS , JUTIAPA","4135-1334","","N/A","0","4","1","1","CAP","3"
"XCO-746","DISTRIBUIDORA COMERCIAL MORATAYA","1RA CALLE 9-48 ZONA 2 BARRIO SAN FRANCISCO JALAPA","4026-2350","","JUAN ANTONIO MORATAYA ORANTES","0","1","1","1","CAP","4"
"XCO-747","CHANG┤S STORE","39 AVENIDA 5-62 SECT 7 ALAMEDAS DE VILLA FLORES ZONA 7 SAN MIGUEL PETAPA","5894-4778","","ALEJANDRA CHANG","0","1","1","1","CAP","4"
"XCO-748","DELICIAS LORENS","3 CALLE LOTE 14 VALLE DEL SOL JUTIAPA","4298-5740","","INGRID LORENA PEREZ MORALES","0","1","1","1","CAP","4"
"XCO-749","PACAMSA","27 AVENIDA 7-25 ZONA 4 DE MIXCO","2508-2052","","MARIELENA DE CAAL","0","1","1","1","CAP","4"
"XCO-752","PACAMSA","CARRETERA INTERAMERICANA KM 51.3 EL TEJAR CHIMALTENANGO","2508-2052","","MARIELENA DE CAAL","0","1","1","1","CAP","4"
"XCO-751","LIBRERIA ANDREA","CALLE TRANSITO ROJAS 4-87 ZONA 5 BARRIO SAN FRANCISCO JALAPA","4113-5672","","BEVERLY ANDREA MORATAYA DE ESTRADA","0","1","1","1","CAP","4"
"XCO-743","KERAFRUT","1 AVENIDA 2 CALLE ZONA2 BARRIO LA ESPERANZA, JALAPA","4786-1303","","LUIS OROZCO","0","1","1","1","CAP","4"
"XCO-753","MASHE STORE","3 CALLE 0-79 ZONA 2 BARRIO LA ESPERANZA, JALAPA","5341-6269","","MICHELLE SANDOVAL","0","1","1","1","CAP","4"
"GUA-8577","ANULADO","ANULADO","ANULADO","","ANULADO","0","3","1","1","CAP","4"
"PRE-754","COSMIC TRADING COMPANY, S.A. / EL DRAGON LUCES CHINAS","3 CALLE 2-06 ZONA 8 DE MIXCO CIUDAD SAN CRISTOBAL","2472-5165","","BORIS DIEGUEZ","0","4","1","1","CAP","4"
"PRE-755","COSMIC TRADING COMPANY, S.A. / EL DRAGON LUCES CHINAS","3 CALLE 2-06 ZONA 8 DE MIXCO CIUDAD SAN CRISTOBAL","2472-5165","","BORIS DIEGUEZ","0","4","1","1","CAP","4"
"GUA-756","IMPORTADORA Y EXPORTADORA GIL. S.A.","12 CALLE 2-44 ZONA 1 CIUDAD DE GUATEMALA","2382-8900","","EDGAR ROLANDO FLORES","0","3","1","1","CAP","4"
"GUA-757","IMPORTADORA Y EXPORTADORA GIL. S.A.","12 CALLE 2-44 ZONA 1 CIUDAD DE GUATEMALA","2382-8900","","EDGAR ROLANDO FLORES","0","3","1","1","CAP","4"
"XCO-758","MAFER BOUTIQUE","4 CALLE A 24-34 COLONIA CALISTEMOS ZONA 8 MIXCO SAN CRISTOBAL 2","4696-1317","","ASTRID FABIOLA NAVARRO","0","1","1","1","CAP","4"
"XCO-759","LOYDA STORE","12 CALLE 30-84 ZONA 7 TIKAL I","3031-7795","","LOYDA EUNICE QUIROA MARROQUIN","0","1","1","1","CAP","4"
"CON-761","DISTRIBUIDORA DE PINTRUAS S.A.","12 CALLE 4-77 ZONA 9","2362-5020","","ROLANDO LAPARRA","0","2","1","1","CAP","4"
"XCO-762","ACCESORIOS Y MODA MC","CHOCOLA A LA PAR DE GIMNASIO SNA PABLO JOCOPILAS SUCHITEPEQUEZ","4158-7794","","MARTHA CONSUELO ESCOBAR CHAPETON","0","1","1","1","CAP","4"
"XCO-763","AGROCOMERCIALIZADORA JEHOVA SHALON","1 CALLE SECT RIO NEGRO 2 ALDEA SAN JOSE SAN FRANCISCO ZAPOTITLAN MAZATENANG","40048482","","DERVIN MAGDIEL AJCHUP LEMUS","0","1","1","1","CAP","4"
"CON-764","AGROCOMERCIALIZADORA JEHOVA SHALON","1 CALLKE SECTOR RIO NEGRO 2 ALDEA SAN JOSE SAN FRANCISCO ZAPOTITLAN MAZATEN","40048482","","DERVIN MAGIDEL AJCHUP LEMUS","0","2","1","1","CAP","4"
"XCO-765","CELASA, INGENIERIA Y EQUIPOS, S.A.","AVENIDA PETAPA 40-19 ZONA 12","2215-3651 / 2270-7715","","IVAN CALDERON","0","1","1","1","CAP","4"
"GUA-766","CELASA, INGENIERIA Y EQUIPOS, S.A.","AVENIDA PETAPA 40-19 ZONA 12","2215-3651/2270-7715","","IVAN CALDERON","0","3","1","1","CAP","4"
"XCO-767","ZUCCHELLI ALPHA DE GUATEMALA, S.A.","1RA AVENIDA 9-43 ZONA 9","2390-9190/4167-6993","","SINDY CORADO","0","1","1","1","CAP","4"
"XCO-768","RUT STORE","13 AV 12-34 ZONA 12","5634-6248","","RUT MARTINEZ","0","1","1","1","CAP","4"
"XCO-769","RENES MOX","LOTE 23 MANZANA B LOTIFICACION LOS ANGELES ZONA 25","5942-5500","","OSCAR RENE XILOJ MOX","0","1","1","1","CAP","4"
"CON-770","RENES MOX","LOTE 23 MANZANA B LOTIFICACION LOS ANGELES ZONA 25","5942-5500","","OSCAR RENE XILOJ MOX","0","2","1","1","CAP","4"
"XCO-771","TEXTILES Y CONFECCIONES ISAND","2 CALLE 5-78 ZONA 2 CHIMALTENANGO A LA PAR DE HELADOS SARITA","5866-7627","","BRENDA ANALI CARDENAS RUANO","0","1","1","1","CAP","4"
"XCO-772","OPPY GT","7MA. AVENIDA 8 CALLE COLONIA PLAZA DE TOROS ZONA 13 CASA 98","5569-7082","","EVELYN TEJEDA REYES","0","1","1","1","CAP","4"
"XCO-773","WOKIE STORE G.T.","31A V C 31-10 ZONA 7 COLONIA MADRE DORMIDA","59540001","","ALEJANDRA GARCIA","0","1","1","1","CAP","4"
"XCO-774","GERARDITO VARIEDADES","3RA CALLE COMUNIDAD EL ESFUERZO IGLESIA BENDICION DE DIOS PATULUL","4169-5199","","HARLYN MELENDEZ","0","1","1","1","CAP","4"
"CON-775","VARIEDADES EMMANUEL","LOTE 2 CAMINO A SAN ANDRES OSUNA SIQUINALA , ESCUINTLA","3203-9407 / 4227-0082","","ANA PATRICIA RAYMUNDO LOPEZ","0","2","1","1","CAP","4"
"XCO-776","VARIEDADES EMMANUEL","LOTE 2 CAMINO A SAN ANDRES OSUNA SIQUINALA, ESCUINTLA","3203-9407 / 42270082","","ANA PATRICIA RAYMUNDO LOPEZ","0","1","1","1","CAP","4"
"XCO-777","J.P. ARREDONDO","ALTOS DE BARCENAS 1 RESIDENCIAL SECTOR 13 CASA 1-42","5442-7246","","JUAN PABLO ARREDONDO LOPEZ","0","1","1","1","CAP","4"
"XCO-778","IMPORTADORA GROW502","KM 19.5 CARRETERA INTERAMERICANA BODEGA BOCASA 4 Y 5","30395783","","KEVIN HERNANDEZ","0","1","1","1","CAP","4"
"XCO-779","DAPHNE STORE","29 AVENIDA 17-51 RESIDENCIALES SANTA ELNEA 3 ZONA 18","5447-8522","","ELIZABETH GOMEZ","0","1","1","1","CAP","4"
"CON-780","BIOAGRO, S.A.","50 CALLE FINAL SECT 1 CASA #8 RECIDENCIALES VIENTOS DEL VALLE","2212-4583","","N/A","0","2","1","1","CAP","3"
"XCO-781","FARMACEUTICA MAR, S.A.","12 AVENIDA 13-28 ZONA 12","2490-3535","","N/A","0","1","1","1","CAP","3"
"XCO-782","EUGENIA MONGE","2AV A 18-35  ZONA 3, GUATEMALA","5503-6684","","N/A","0","1","1","1","CAP","3"
"XCO-784","POPE SHOP","3AV 19-40  ZONA 3, GUATEMALA","4273-2944","","N/A","0","1","1","1","CAP","3"
"XCO-786","MANUFACTURAS TEXTILES PERFECTA, S.A.","1 AVENIDA 33-26 ZONA 12 COL EL CARMEN","2382-2351","","LEONEL MONTERROSO","0","1","1","1","CAP","3"
"XCO-787","MULTIREPUESTOS ALVAREZ S.A","3RA AV 41-42 COLONIA MONTE MARIA 1 BODEGA 301 ZONA 12","2234-9585","","GERBER RAMOS","0","1","1","1","CAP","3"
"CON-788","IMPORTADORA NORTE, S.A.","CALZADA AGUILAR BATREZ 42-00 ZONA 11","2477-2400","","ANA AROCHE","0","2","1","1","CAP","3"
"XEL-789","EL ZEPPELIN , S.A.","4 CALLE 15-38 ZONA 3 QUETZALTENANGO","7873-7600","","LIDIA MEJIA","0","3","1","1","CAP","4"
"GUA-790","SERVICAT, S.A.","11 AVENIDA 9-24 ZONA 12 COLONIA LA REFORMITA","2415-6565","","MARIO VILLATORO","0","3","1","1","CAP","4"
"XCO-791","SOLUCIONES LAGNET, S.A.","16 AVENIDA 5-84 ZONA 1","5417-0850","","LUIS GATICA","0","1","1","1","CAP","4"
"CON-792","NATALI ROPA Y ACCESORIOS","CALLE PRINCIPAL 6-14 ZONA 1, SAN ANDRES VILLA SECA, RETALHULEU","5455-8346","","SIRLY MAZARIEGOS","0","2","1","1","CAP","4"
"XCO-793","NATALI ROPA Y ACCESORIOS","CALLE PRINCIPAL 6-14 ZONA 1, SAN ANDRES VILLA SECA, RETALHULEU","5455-8346","","SIRLY MAZARIEGOS","0","1","1","1","CAP","4"
"XCO-794","REPUESTOS EL PIBE","BULEVAR EL NARANJO ZONA 4 MIXCO 28-98","3074-7121","","KEVIN HIDALGO","0","1","1","1","CAP","3"
"PRE-795","DISTRIBUIDORA DAKO","KM 19.5 CARRETERA A SAN JOSE PINULA LOT STA LUZ CASA #19","5043-9992","","OSCAR RIVAS","0","4","1","1","CAP","3"
"XCO-796","DISTRIBUIDORA DAKO","KM 19.5 CARRETERA A SAN JOSE PINULA LOT STA LUZ CASA #19","5043-9992","","OSCAR RIVAS","0","1","1","1","CAP","3"
"XCO-797","MIA SECRET","19 CALLE 3-19 ZONA 1 MULTICENTRO,  LOCAL 28","2232-6338","","CECILIA VALENZUELA","0","1","1","1","CAP","1"
"CON-798","THECNO TIENDA","1AV INTERIOR MERCADO MUNICIPAL SANARATE EL PROGRESO GUASTATOYA","57646782","","ERWIN DARIO RALDA","0","2","1","1","CAP","4"
"XCO-799","THECNO TIENDA","1 AV INTERIOR MERCADO MUNICPAL SANARATE EL PROGRESO GUASTATOYA","57646782","","ERWIN DARIO RALDA","0","1","1","1","CAP","4"
"CON-800","ISACELL TECNOLOGIA & MAS","CALLE LOS ALMENDROS ZONA 1 ZACAPA","49184396","","ISAIAS LOPEZ","0","2","1","1","CAP","4"
"XCO-801","ISACELL TECNOLOGIA & MAS","CALLE LOS ALMENDROS ZONA 1 ZACAPA","4918-4396","","ISAIAS LOPEZ","0","1","1","1","CAP","4"
"CON-802","AGRO VETERINARIA LA ESTANCIA","CALLE PRINCIAPL ESTANCIA DE LA VIRGEN SAN CRISTOBAL ACASAGUASTLAN","5541-1154","","AUGUSTO PAIZ","0","2","1","1","CAP","4"
"XCO-803","AGRO VETERINARIA LA ESTANCIA","CALLE PRINCIPAL ESTANCIA DE LA VIRGEN SAN CRISTOBAL ACASAGUASTLAN","5541-1154","","AUGUSTO PAIZ","0","1","1","1","CAP","4"
"CON-804","FARMACIA JOALSA","COLONIA EL PORVENIR ESTANCIA DE LA VIRGEN SAN CRISTOBAL ACASAGUASTLAN","5465-0473","","GLORIA POJOY","0","2","1","1","CAP","4"
"XCO-805","FARMACIA JOALSA","COLONIA EL PORVENIR ESTANCIA DE LA VIRGEN SAN CRISTOBAL ACASAGUSTLAN","5465-0473","","GLORIA POJOY","0","1","1","1","CAP","4"
"CON-806","ACZONE","EL RANCHO LAS CHAMPAS A UNA CUADRA DE BANCO AZTECA","5003-95313","","KENNET AGUSTIN","0","2","1","1","CAP","4"
"XCO-807","ACCZONE","EL RANCHO LAS CHAMPAS A UNA CUADRA DE BANCO AZTECA","5003-9531","","KENNET AGUSTIN","0","1","1","1","CAP","4"
"CON-810","PUROS S.V.","ALDEA EL TERRERO ZACAPA","3272-2217","","JORGE SALGUERO","0","2","1","1","CAP","3"
"XCO-811","MULTISERVICIOS IDEART","27 CALLE  A 10-28 APTO. A ZONA 13 COLONIA LA LIBERTAD CIUDAD CAPITAL","4394-3053","","MARTHA HERNANDEZ","0","1","1","1","CAP","3"
"PRE-812","EL PORTAL DE LAS PRENDAS AMERICANAS","BO CENTRAL ASUNCION MITA JUTIAPA","7843-4430","","BRENDA GASPARICO","0","4","1","1","CAP","4"
"PRE-813","DISTRIBUIDORA HERNANDEZ","ASUNCION MITA","4128-6185","","NOEMY HERNANDEZ","0","4","1","1","CAP","4"
"CON-814","ZANTMARO EDICIONES, S.A.","5 CALLE 14-25 ZONA 11 COL CARABANCHEL, GUATEMALA","2474-8620","","N/A","0","2","1","1","CAP","3"
"PRE-815","EL PORTAL DE LAS PRENDAS AMERICANAS","EL PROGRESO JUTIAPA","7843-4430","","MELISSA VALLEJOS","0","4","1","1","CAP","4"
"CON-820","HANDMADE U22","1RA ENTRADA COL LA BENDICION VALLE ABAJO, PROGRESO JUTIAPA","4914-8080","","ELIZABETH JUAREZ","0","2","1","1","CAP","4"
"XCO-821","HANDMADE U22","1RA ENTRADA COL LA BENDICION VALLE ABAJO PROGRESO JUTIAPA","4914-8080","","ELIZABETH JUAREZ","0","1","1","1","CAP","4"
"XCO-822","RECONSTRUCTORA DE MOTORES MG, S.A.","CALZADA SAN JUAN 27-38 ZONA 7","24274-2260","","JOSE AARON MORATAYA","0","1","1","1","CAP","3"
"PRE-823","REINA'S STORE","CIUDAD","5488-1263","","JACKELIN BLANCO","0","4","1","1","CAP","4"
"XCO-824","ROPA GUAPA","BO SAN MARCOS TIENDA ROPA GUAPA","4995-1065","","CRHSTIAN FERNANDO ORELLANA","0","1","1","1","CAP","3"
"XCO-825","NOVOPLAST","3 AVENIDA 6-28 ZONA 5 DE MIXCO COLONIA SANTA MARTA","2431-4051","","GUSTAVO GARCIA","0","1","1","1","CAP","4"
"XCO-826","ALMACEN EL TIGRE, S.A. / CAPAS CICLON","AVENIDA BOLIAR 21-36 ZONA 1","5510-9260","","LORENA DE ANLEU","0","1","1","1","CAP","4"
"XCO-827","REPUSTOS GARCIA","RECOGE EN OFICINA ESCUINTLA","3023-4094","","JOEL CASIA","0","1","1","1","CAP","4"
"XCO-828","PEDRO BARCO","5 CALLE 3-129 ZONA 6 COATEPEQE","5059-3362","","PEDRO BARCO","0","1","1","1","CAP","3"
"XCO-829","CORPORACION DE AUTO PARTES S.A.","33 AVENIDA 11-33 ZONA 5 COLONIA EL EDEN","2336-1420","","CHRISTIAN CARBALLO","0","1","1","1","CAP","3"
"XCO-830","QUICKPLOT GT","KM 32.5 CARR AL PACIFICO FLOR DE CAMPO RES LAS LILAS AMATITLAN","3586-9609","","ANSONY GARCIA","0","1","1","1","CAP","4"
"XCO-831","FREM-COLOR, S.A.","CALZADA SAN JUAN  13-90  ZONA 7 CENTRO COMERCIAL   LA QUINTAL LOCAL 19","2474-1671","","DINA VELASCO/ JAQUELINE SENTE/  SANDY  GUARCAX","0","1","1","1","CAP","3"
"XCO-832","CORPORACION GRAFICA DE CALENDARIOS, S.A.","3RA AVENIDA  27-10 ZONA 3, GUATEMALA","22959268/35419899","","EDWIN  CARLOS RODRIGUEZ SANCHEZ","0","1","1","1","CAP","4"
"CON-833","CORPORACION GRAFICA DE CALENDARIOS, S.A.","3RA AVENIDA 27-10 ZONA 3, GUATEMALA.","2295-9268//3541-9899","","EDWIN CARLOS RODRIGUEZ   SANCHEZ","0","2","1","1","CAP","4"
"XCO-834","EXPORT CIFUENTES","SAN CARLOS SIJA","3410840-8","","ARMANDO ADEMAR BARRIOS  OVALLE","0","1","1","1","CAP","4"
"CON-835","EXPORT CIFUENTES","SAN CARLOS SIJA","3410840-8","","ARMANDO ADEMAR BARRIOS OVALLE","0","2","1","1","CAP","4"
"XCO-837","LA GOSPA","9 AVENIDA  7-35  ZONA 1 LOCAL  III","41548167","","ALFREDO  VASQUEZ","0","1","1","1","CAP","4"
"CON-838","LA GOSPA","9 AVENIDA  7-35  ZONA 1  LOCAL III","41548167","","ALFREDO VASQUEZ","0","2","1","1","CAP","4"
"XCO-839","ANYELA MAYOREO","SAN SEBASTIAN RETALHULEU,  POR EL CENTRO DE SALUD","41851655","","GRACIELA  PEREZ MONTAÐEZ","0","1","1","1","CAP","4"
"CON-840","INOVSA","CALLE 2,  4 AVENIDA  3-90 ZONA 4  BARRIO EL MOLINO,   CHIQUIMULA, CHIQUIMUL","49337931","","RENAN EDGARDO NOVA CASTRO","0","2","1","1","CAP","3"
"CON-841","DISPROFARMA","KM 9.5 CARRETERA AL ATLANTICO ZONA 17 RESIDENCIAL CASA BELLA CASA 8","42546598","","JOSE MARIA ALVIZURES","0","2","1","1","CAP","3"
"XCO-842","DROGUERIA BENDICION Y FE S.A.","5TA AVENIDA ""A"" 6-43 ZONA 4","5923-2128","","CESAR ROMAN","0","1","1","1","CAP","1"
"XCO-843","DISMAJO, S.A.","KM 19.1 CARRETERA A SAN JOSE PINULA. OFIBODEGA ALTANEZ BODEGA #8","6671-4545","","LUIS LIMA","0","1","1","1","CAP","4"
"XCO-844","COMERCIAL EL EXITO","CIUDAD","4297-3083","","JOSSELYN MORALES","0","1","1","1","CAP","3"
"CON-845","INVERSIONES MAELY, S.A.","CIUDAD","3015-9630","","ISRAEL RUIZ","0","2","1","1","CAP","3"
"XCO-846","EKA REPOSTERIA","3 CALLE 12-32 ZONA 89 MIXCO BLVD PRINCIPAL SAN CRISTOBAL PLAZA 12-32 LOCAL","4216-9573","","ESTER BUEZO","0","1","1","1","CAP","3"
"XCO-847","ALMACEN SULTANA","19 CALLE 3-54 ZONA 1","2232-7165","","GLORIA GONZALEZ","0","1","1","1","CAP","4"
"CON-848","MEGA GANGAS","ASUNCION MITA JUTIAPA BODEGAS ATRAS DE ANTIGUA INSTALACINES DE REST LA LLOR","3096-6316","","LAURA TRABANINO","0","2","1","1","CAP","4"
"JUT-849","MEGA GANGAS","ASUNCION MITA JUTIAPA BODEGAS ATRAS DE ANTIGUAS INSTALACIONES DE REST LA LL","3096-636","","LAURA TRABANINO","0","3","1","1","CAP","4"
"CON-850","EMMA MARCOLFA ROMERO","COL MONTE MARIA 1 ZONA 11","4770-2924","","EMMA MARCOLFA ROMERO","0","2","1","1","CAP","4"
"CON-851","TRIC, S.A.","13 CALLE 10-09 ZONA 10 OAKLAND","2299-7100","","JLIO NOLCK","0","2","1","1","CAP","4"
"XCO-852","TRIC, S.A.","13 CALLE 10-09 ZONA 10 OAKLAND","2299-7100","","JULIO SENCIO NOLCK","0","1","1","1","CAP","4"
"XCO-853","TEA SHOP","13 CALLE 4-44 ZONA 10 C.C. LA LLAVE LC 6","2227-9418//57084766","","CAROL NAJMAN","0","1","1","1","CAP","4"
"CON-854","TEA SHOP","13 CALLE 4-44 ZONA 10 C.C. LA LLAVE LOCAL 6","2227-9418//57084766","","CAROL NAJMAN","0","2","1","1","CAP","4"
"XCO-855","XS AUDIO","OFIBODEGAS CENTRO 5 CALZADA LA PAZ 18-40 ZONA 5 BODEGA 36","2296-0556 / 57","","LESVIA SEQUEN","0","1","1","1","CAP","3"
"XCO-856","FRANCISCO VALENZUELA","8 CALLE 0-66 ZONA 1","5031-6618","","FRANCISCO VALENZUELA","0","1","1","1","CAP","3"
"CON-857","ERR","3 CALLE 9-51 ZONA 2 BO SAN FRANCISCO JALAPA","4847-8346","","LUCY DE RUANO","0","2","1","1","CAP","4"
"XCO-858","ERR","3 CALLE 9-51 ZONA 2 BO SAN FRANCISCO JALAPA","4847-8346//4670-4702","","LUCY DE RUANO","0","1","1","1","CAP","4"
"XCO-859","DISTRIBUIDORA DAVID","23 CALLE 2-78 ZONA 1","5415-0208","","EDGAR GONZALEZ","0","1","1","1","CAP","3"
"XCO-860","IMPORAUTO","20 AVENIDA 17-02 ZONA 6 RESIDENCIALES CIPRESALES","3225-1928","","ISANEA DANALI REYES","0","1","1","1","CAP","3"
"XCO-861","TEXTILES AURY","2DA CALLE 5-84 ZONA 5 PATZUN, CHIMALTENANGO","4640-0539","","AURY MUCIA UPUN","0","1","1","1","CAP","4"
"CON-862","TEXTILES AURY","2DA CALLE 5-84 ZONA 5 PATZUN, CHIMALTENANGO","4640-0539","","AURY MUCIA UPUN","0","2","1","1","CAP","4"
"CON-863","IMPORTADORA LOR CARD S.A.","6TA AVENIDA 20-57 ZONA 1","3112-1103","","JOSE BUCHAN","0","2","1","1","CAP","3"
"XCO-864","CURIOSIDADES MARROQUIN","ALDEA PUEBLO NUEVO SAN JUAN OSTUNCALCO QUETZALTENANGO","4168-6167","","YADIRA MARROQUIN","0","1","1","1","CAP","4"
"CON-865","CURIOSIDADES MARROQUIN","ALDEA PUEBLO NUEVO SAN JUAN OSTUNCALCO QUETZALTENANGO","4168-6167","","YADIRA MARROQUIN","0","2","1","1","CAP","4"
"JUT-866","PRODUCTOS AGRICOLAS SAN FERNANDO, S.A.","6TA AVENIDA 2-75 ZONA 1, EL PROGRESO, JUTIAPA","7843-4552","","ENIA LOPEZ","0","3","1","1","CAP","4"
"XCO-867","CATAS","6TA CALLE 9-26 ZONA 1 EDIFICIO CAPUANO, QUETZALTENANGO","5120-5638","","CHRISTIAN DE PAZ LOPEZ","0","1","1","1","CAP","4"
"CON-868","CATAS","6TA CALLE 9-26 ZONA 1 EDIFICIO CAPUANO, QUETZALTENANGO","5120-5638","","CHRISTIAN DE PAZ LOPEZ","0","2","1","1","CAP","4"
"XCO-869","LABORATORIO DE PATOLOGIA // DR. LUIS CASTILLO","4TA AVENIDA 4-23 ZONA 1 SAN LUCAS","5308-0616","","DR LUIS CASTILLO","0","1","1","1","CAP","3"
"CON-870","ONCO PATH","4TA AVENIDA 4-23 ZONA 1 SAN LUCAS","5308-0616","","DR. LUIS CASTILLO","0","2","1","1","CAP","3"
"GUA-871","ME ENCANTA ONLINE","LOTE 12 M.G SECT 3 VILLA VERDE CIUDAD QUETZAL","3371-7796","","CARLOS BAJXAC","0","3","1","1","CAP","3"
"XCO-872","SELEMSA","AVENIDA REFORMA 4-22 ZONA 9","2332-1889","","ALEX DAVID HERNANDEZ","0","1","1","1","CAP","4"
"CON-873","CHIC DOUSE","EJE 3 CASA 17 SECT ALMENDROS PLANES  DE BARCENAS ZONA 3 VILLA NUEVA","5598-7473","","STEPHANY QUIÐONEZ","0","2","1","1","CAP","4"
"XCO-874","CHIC ROUSE","EJE 3 CASA 17 SECT ALMENDROS PLANES DE BARCENAS ZONA 3 VILLA NUEVA","5598-7473","","STEPHANY QUIÐONEZ","0","1","1","1","CAP","4"
"XCO-875","QUIMICOS DE ORIENTE","5 CALLE 5-60 ZONA 1 ESQUIPULAS CHIQUIMULA","4082-2465","","VILSA RAMIREZ","0","1","1","1","CAP","4"
"XCO-876","FERRETERIA HR LOPEZ","1RA AVENIDA 3 CALLE FTE AL 3-22 ZONA 11 MERCADO DEL GUARDA","4059-6836","","EDGAR LOPEZ","0","1","1","1","CAP","3"
"GUA-877","MORADA","13 CALLE 14-76 ZONA 3 MIXCO COLONIA LOMAS DE COTIO SOBRE CALZADA MATEO FLOR","2211-2337","","BRYAN RODRIGUEZ","0","3","1","1","CAP","2"
"XCO-878","VENTAS ONLINE KARIN","MANZANA F8 LOT 8 CONDADOS DE SAN JUAN, SAN JUAN SACATEPEQUEZ","4239-2743","","KARIN VIRULA","0","1","1","1","CAP","4"
"CON-879","CARE COMPANY, S.A.","1A CALLE 5-00 COLONIA SANTA MONICA ZONA 2 VILLA NUEVA","6648-5600","","SANDRA MORATAYA","0","2","1","1","CAP","4"
"XCO-880","CARE COMPANY, S.A.","1A CALLE 5-00 COL SANTA MONICA ZONA 2 VILLA NUEVA","6648-5600","","SANDRA MORATAYA","0","1","1","1","CAP","4"
"XCO-881","GRUPO SUNNY SEA","8 CALLE 27-72 KAMINAL JUYU I ZONA 7 FUEA DE GARITA","5455-4559","","SHIRLEY ALVAREZ","0","1","1","1","CAP","3"
"XCO-882","LEGACY","20 CALLE 3-77 ZONA 1","3194-4221","","LIDIA CECILIA SON","0","1","1","1","CAP","3"
"XCO-883","CALZADO ADRIANA","MAZATENANGO","5984-6929","","AMANDA TZUN CHANCHAVAC","0","1","1","1","CAP","2"
"XCO-884","TALLER ALVAREZ","16 AVENIDA ZONA 9 GUATEMAL","3399-9232","","ARIEL LOPEZ","0","1","1","1","CAP","3"
"XCO-885","SOLUCIOJNES COSMETICAS, S.A.","2 AV 3-79 CO LOS ALAMOS ZONA 6 SAN MIGUEL PETAPA","2448-1341","","BERNABE MILIAN","0","1","1","1","CAP","3"
"XCO-886","MUEBLES GENESIS","7 CALLE A 12-68 COLONIA ROOSEVELT ZONA 11","3246-8103","","ENLY EZEQUIEL MEJIA","0","1","1","1","CAP","2"
"XCO-887","DISTRIBUIDORA COQUETA","19 CALLE 2-37 ZONA 1","2253-2439","","RUDY TUM","0","1","1","1","CAP","2"
"XCO-888","ORIENTAL DRAGON","19 CALLE 1-72 ZONA","48123591","","JULIO ANTONIO","0","1","1","1","CAP","3"
"XCO-889","COMERCIAL MARANATHA TEXTILES","3 AV 22-65 ZONA 1","31417469","","JUAN JOSE PASTOR TOC","0","1","1","1","CAP","2"
"XCO-891","CAR AUDIO TATO","LOTE 5 SECCION E COL LAS ILUSIONES ZONA 18","37622186","","WILLIAM PALENCIA","0","1","1","1","CAP","2"
"XCO-892","BABY MAYA AND HOME","1 AV 16-36 ZONA 3","54660464","","JAIME SERRA","0","1","1","1","CAP","2"
"GUA-893","COMERCIALIZADORA BIOAGRO","50 CALLE 15 AV CONDOMINIO VIENTOS DEL VALLE ZONA 12 CASA C","22124583","","OSMAR ANTONIO ORTIZ","0","3","1","1","CAP","3"
"XCO-894","ALMACENES VEYCO","18 AV 4-25 ZONA 16","50670016","","ALBERTO ALVARADO","0","1","1","1","CAP","4"
"PRE-836","PUNTO X PUNTO","31AV B 7-13  ZONA  7","47087954","","N/A","0","4","1","1","CAP","4"
"XCO-895","SOLUCIONES COSMETICAS","2 AV 3-79 COL. LOS ALAMOS ZONA 6 SAN MIGUEL PETAPA","54191598//24481341","","JORGE ALVARADO","0","1","1","1","CAP","4"
"GUA-896","FELIPE RAMIREZ","5 AV 11 CALLE ED. TORRE DE PARQUEO OFIINA 1-6","41145825","","FELPE RAMIREZ","0","3","1","1","CAP","2"
"CON-898","EDU-QUIMICA","6 AV Y 3 CALLE 6-04 ZONA 2 QUETZALTENANGO","47639804","","JUAN JOSE DE DIOS MORALES","0","2","1","1","CAP","4"
"XCO-899","MULTIFIBRA S.A. GUATEMALA","CANALITOS ZONA 24 PORVENIR","47418813","","GUSTAVO ARIAS","0","1","1","1","CAP","2"
"XCO-900","DISTRIBUIDORA LA MOCOSA","LOTE 24 MNZ 29 RESIDENCIAL SAN RAFAEL BUENA VISTA ZONA 18","47135349","","RODRIGO HORACIO REAL SANTIAGO","0","1","1","1","CAP","2"
"XCO-901","INVERSIONES ROSY S.A.","AV BOLIVAR 33-24 ZONA 3 A LA PAR DE BANRURAL","37505177","","SYNDY NINOSKA ZUÐIGA","0","1","1","1","CAP","2"
"CON-902","DE METAL","KM 166.5 CHIQUIMULA RESIDENCIALES LOS PORTALES","79425194","","SENDER ORRELLANA","0","2","1","1","CAP","2"
"XCO-903","COMERCIAL NARU","9 AV 3-00 ZONA 1 CHIQUIMULA","45256812","","WILLIAM SOSA","0","1","1","1","CAP","2"
"XCO-904","DE METAL","KM 166.5 CHIQUIMULA RESIDENCIALES LOS PORTALES","79425194","","SENDER ORELLANA","0","1","1","1","CAP","2"
"CON-905","VARIEDADES ANY","2 CALLE ENTRE 9 Y 10 AVENIDA ZONA 1 CHIQUIMULA","53440416","","ANA GUARDADO","0","2","1","1","CAP","4"
"XCO-906","VARIEDADES ANY","2 CALLE 9 Y 10 AVENIDA ZONA 1 CHIQUIMULA","5344-0416","","ANA GUARDADO","0","1","1","1","CAP","4"
"CON-907","LABORATORIO DENTAL RENACE","LOTE 24 M A SECTOR 4 PRADOS DE VILLA HERMOSA","24648181","","ISABEL GUTIERREZ","0","2","1","1","CAP","3"
"XCO-908","LABORATORIO DENTAL RENACE","LOTE 24 M A SECTOR 4 PRADOS DE VILLA HERMOSA","24648181","","ISABEL GUTIERREZ","0","1","1","1","CAP","3"
"XCO-909","MAXIMO MAYOREO COMUN, S.A.","19 CALLE 2-14 LOCAL B ZONA 1","55542828","","EDGAR GOMEZ","0","1","1","1","CAP","3"
"CON-910","ALMACEN EL FESTIVAL","CIUDAD","22303361","","ZULLY PEÐA","0","2","1","1","CAP","2"
"XCO-911","ALMACEN EL FESTIVAL","CIUDAD","22303361","","ZULLY PEÐA","0","1","1","1","CAP","2"
"XCO-912","NYCOLLECTION/ NOVEDADES LAS GUAPAS","AVENIDA SANTA CECILIA 31-71 ZONA 8","54855291","","MIRNA LILIANA LOL VICENTE","0","1","1","1","CAP","2"
"CON-913","PACA EXPRESS","ANILLO PERIFERICO 4-18 CARRIL AUXILIAR","30295193","","MARIO GONZALEZ","0","2","1","1","CAP","2"
"XCO-914","PACA EXPRESS","ANILLO PERIFERICO 4-18 CARRIL AUXILIAR","30295193","","MARIO GONZALEZ","0","1","1","1","CAP","2"
"CON-915","ARQUIPOR","CARRETERA AL ATLANTICO L, 192 MANZANA 18 LOTE 10 EL CHATOI ZONA 18","59485868","","ESTUARDO SUM","0","2","1","1","CAP","4"
"XCO-916","ARQUIPOR","CARRETERA AL ATLANTICO KM 19.2 MZ 18 LOTE 10 EL CHATO ZONA 18","59485868","","ESTUARDOI SUM","0","1","1","1","CAP","4"
"CON-917","ALORA GUATEMALA","10 AVENIDA  23-59 ZONA 12 COLONIA LA REFORMITA","54575412","","JOSUE BARILLAS","0","2","1","1","CAP","4"
"XCO-918","ALORA GUATEMALA","10 AVENIDA  23-59 ZONA 12 COLONIA LA REFORMITA","54575412","","JOSUE BARILLAS","0","1","1","1","CAP","4"
"CON-919","KENAS STORE","NUEVA SANTA ROSA","33575273","","KEYLIN DEL CID PEREZ","0","2","1","1","CAP","3"
"XCO-920","KENAS STORE","NUEVA SANTA ROSA","33575273","","KEYLIN DEL CID PEREZ","0","1","1","1","CAP","3"
"CON-921","COMERCIAL Y LIBRERIA EL CARMEN","LA CIENEGA CALLE PRINCIPAL GUALAN ZACAPA","5516-2557","","IVANNA FAJARDO","0","2","1","1","CAP","4"
"XCO-890","CORPORACION DENA, S.A.","6A AVENIDA 8-37 ZONA 1 SAN PEDRO AYAMPUC","2308-5642","","WENDY VELIZ","0","1","1","1","CAP","3"
"XCO-922","LA JARDINERIA O TOYJUGANDO","12 CALLE 9-72 ZONA 11 COLONIA ROOSEVELT","57895311","","MARILYN CRUZ","0","1","1","1","CAP","4"
"CON-923","LA JARDINERIA O TOYJUGANDO","12 CALLE 9-72 ZONA 11 COLONIA ROOSEVELT","57895311","","MARILYN CRUZ","0","2","1","1","CAP","4"
"XCO-924","PROSERDI","CONDOMINIO VILLA ATLANTIS ZONA 17 CASA F18","5538-4917","","KEVIN GIRON","0","1","1","1","CAP","1"
"XCO-925","ORIENTADORES COMERCIALES, S.A. (MYERS)","4A AVENIDA B 0-47 ZONA 2 DE MIXCO COL COTIO","2498-9292","","ESTUARDO GONZALEZ","0","1","1","1","CAP","1"
"XCO-926","IMPORTADORA VILLAGRAN","8A AVENIDA 4-80 ZONA 2","3658-9821","","SUGEYDI MARROQUIN","0","1","1","1","CAP","1"
"XCO-927","OPTIVISION UNIVERSAL","5TA CALLE 5-59 ZONA 2","3416-0353","","HORACIO MORALES","0","1","1","1","CAP","1"
"VD2-928","DISTRIBUIDORA LA MOCOSA","LOTE 24 MANZANA 29 RESIDENCIAL SAN RAFAEL BUENA VISTA ZONA 18","4713-5349","","RODRIGO REAL","0","3","1","1","CAP","2"
"CON-930","DROGUERIA OVERALL FARMACEUTICA S.A.","RESIDENCIALES SAN JOSE SECTOR LOS CLAVELES LOTE 20 MANZANA V SAN JOSE PINUL","3254-7918","","ENRIQUE ORELLANA","0","2","1","1","CAP","1"
"XCO-931","DROGUERIA OVERALL FARMACEUTICA S.A.","RESIDENCIALES SAN JOSE SECTOR LOS CLAVELES LOTE 20 MANZANA V SAN JOSE PINUL","3254-7918","","ENRIQUE ORELLANA","0","1","1","1","CAP","1"
"XCO-933","BY OPORTUNO/JESED","4TA CALLE A 0-87 MONSERRAT 1 ZONA 4 DE MIXCO","5820-8900","","NANCY GRANADOS","0","1","1","1","CAP","4"
"CON-934","BY OPORTUNO/JESED","4TA CALLE A 0-87 MONSERRAT 1 ZONA 4 DE MIXCO","2211-6469","","NANCY GRANADOS","0","2","1","1","CAP","4"
"XCO-935","CKLASS GT","RESTAURANTE LAS MECHADAS RO BARRANBCA SECA CALLE JUNTO A GAS ATLANTIC GAS T","32574018","","YARIZELL BOTTO","0","1","1","1","CAP","4"
"CON-936","CKLASS GT","RESTAURANTE LAS MECHADAS BARRANDCA SECA CALLE FTE A GAS ATLANTIC GAS TECULU","32574018","","YARIUZELL BOTTO","0","2","1","1","CAP","4"
"XCO-937","VARIEDADES ESTHER","5AVENIDA 10 CALLE B 5-50 SAN JOSE VILLA NUEVA ZONA 2","36042195","","ESTHER PINEDA","0","1","1","1","CAP","4"
"CON-938","VARIEDADES ESTHER","5AVENIDA 10 CALLE B 5-50 SAN JOSE VILLA NUEVA ZONA 2","36042195","","ESTHER PINEDA","0","2","1","1","CAP","4"
"XCO-939","TREKER DE GUATEMALA, S.A.","26 CALLE 14-20 ZONA  5","2234-8657","","ADOLFO RAMIREZ","0","1","1","1","CAP","2"
"XCO-940","ALMACEN HANA","C.C. EL PUEBLITO LKOC 404 ZONA 1","2221-1138","","ARMANDO /IRMA","0","1","1","1","CAP","2"
"XCO-941","BR AUTOS","1AV AV A LOTE 9 ZONA 18 COL LOMAS DE LAVARREDA","58653892","","ERICK HERNANDEZ","0","1","1","1","CAP","1"
"XCO-942","IMPORTADORA SURTIPACAS","33 CALLE 6-56 ZONA 3","2440-2063","","LOURDES SORAIDA GARCIA","0","1","1","1","CAP","1"
"CON-943","VIVERO FLOR DEL IZ","2AV 3-36 ZONA 2 SAN ANTONIO AGUAS CALIENTES SACATEPEQUEZ","5842-3279","","GILDA SONAIL LOPEZ","0","2","1","1","CAP","4"
"XCO-944","VIVIERO FLOR DE LIZ","2 AV 3-36 ZONA 2 SAN ANTONIO AGUAS CALIENTES SACATEPEQUEZ","5842-3279","","GILDA SONAIL","0","1","1","1","CAP","4"
"CON-945","VARIEDADES GEMA","ALDEA TIUCAL ASUNCION MITA JUTIAPA","59478832","","MIREYRA CHINCHILLA","0","2","1","1","CAP","4"
"XCO-946","VARIEDADES GEMA","ALDEA TIUCAL ASUNCION MITA","59478832","","MIREYRA CHINCHILLA","0","1","1","1","CAP","4"
"CON-947","FABRICA DE JAULAS EL TUCAN","7MA CALLE 9-37 ZONA 1","43158460","","JOHAN GOMEZ","0","2","1","1","CAP","4"
"XCO-948","FABRICA DE JAULAS EL TUCAN","7MA CALLE 9-37 ZONA 1","43158460","","JOHAN GOMEZ","0","1","1","1","CAP","4"
"CON-949","R.TOYS SHOP GUASTA","ALDEA PASASAGUA, SAN AGUSTIN ACASAGUASTLAN","52348458","","RUDY RAMOS","0","2","1","1","CAP","4"
"XCO-950","B.TOYS SHOP GUASTA","ALDEA PASASAGUA SAN AGUSTIN ACASAGUASTLAN","52348458","","RUDY RAMOS","0","1","1","1","CAP","4"
"XCO-951","INDUSTRIAS VULCANO DE GUATEMALA","CALZADA SAN JUAN 12-84 ZONA 7 QUINTA SAMAYOA","2471-5366","","NOE GUEVARA","0","1","1","1","CAP","1"
"XCO-952","NOVOCOLOR, S.A.","7 AVENIDA 3-14 ZONA 9","2381-2828","","JOSE MONTEZ","0","1","1","1","CAP","1"
"XCO-953","INVENTIVA COSMETCOS S.A.","3A CALLE A 8-10 ZONA 10","2331-1020","","MARGARITA SAENZ","0","1","1","1","CAP","2"
"XCO-954","DELIMASH","11 AVENIDA B 6-27 ZONA 3 NUEVA MONSERRAT MIXCO","44444437","","BYRON GOMEZ","0","1","1","1","CAP","2"
"XCO-955","GRANDES COMERCIOS, S.A.","4TA CALLE FIANL ZONA 2 COL STA SEFAZ LT 1C APTO VILLA CANALES","2235-3058","","RICHARD STIVENS ESTRADA SIMON","0","1","1","1","CAP","2"
"PRE-956","CAR AUDIO MYM","KM 78.5 CARRETERA A EL SALVADOR ORATORIO SANTA ROSA","4215-4923","","FELIX MARROQUIN","0","4","1","1","CAP","3"
"XCO-957","MEC","4AVE 2-77 BALCONES DE SAN CRISTOBAL B4 ZONA 8 DE MIXCO","54538603","","BYRON ROBERTO LOPEZ","0","1","1","1","CAP","3"
"XCO-958","IAM FIT GUATEMALA","17 AVENIDA 3-80 A ZONA 14 2DO NIVEL","4701-0094","","DAMARIS AVILA","0","1","1","1","CAP","4"
"XCO-959","DISTRIBUIDORA MARLET, S.A.","23 AVENIDA 31-26 ZONA 12 COLONIA SANTA ELISA","2339-5083","","JOSE MARTINEZ","0","1","1","1","CAP","2"
"XCO-960","IMPORTADORA Y EXPORTADORA GIL, S.A.","12 CALLE 2-44 ZONA 1 CIUDAD DE GUATEMALA","2382-8900","","EDGAR ROLANDO FLORES","0","1","1","1","CAP","4"
"XCO-962","RYH CALDERON","4TA CALLE 13-73 ZONA 6","5155-2830","","VIDAL CALDERON","0","1","1","1","CAP","4"
"CON-963","RYH CALDERON","4TA CALLE 13-73 ZONA 6","51552830","","VIDAL CALDERON","0","2","1","1","CAP","4"
"XCO-964","DULCE HOGAR","2 AVENIDA LOTE 30 VILLA LOBOS 1 ZONA 12 DE VILLA NUEVA","5500-3814","","RUDY GASPAR","0","1","1","1","CAP","4"
"XCO-966","CONSMETICA ORGANICA ONLINE","OBREJE IPALA CHIQUIMULA FRENTE AL HOTEL FILOMENA ENTRAR AL CALLEJON PRIMERA","4167-2745","","NOELIA RAMOS","0","1","1","1","CAP","4"
"CON-967","CONSMETICA ORGANICA ONLINE","OBRAJE IPALA CHIQUIMULA FRENTE AL HOTEL FILOMENA ENTRAR AL CALLEJON PRIMERA","41672745","","NOELIA RAMOS","0","2","1","1","CAP","4"
"PRE-968","PESAS CASERAS GT","21  AVENIDA 7-21 ZONA 11 ATRAS DE PRICEMART","57107073-55749665","","ANDREA GODINEZ","0","4","1","1","CAP","4"
"XCO-969","PRODUCTOS Y SERVICIOS ESTRATEGICOS BLU MARINNE, S.A.","4A CALLE 31-47 ZONA 11 COL JARDINES DE UTATLAN II","53742700","","LUIS PAZ","0","1","1","1","CAP","1"
"XCO-970","IMPORTACIONES LA BODEGONA","AV PETAPA 43-07 ZONA 12","2296-3106","","JULIO AREVALO","0","1","1","1","CAP","3"
"CON-971","EDGAR CIFUENTES","6TA AV A 16-07 ZONA 5 DE MIXCO COLONIA 1RO DE JULIO","5812-3260","","EDGARCIFUENTES","0","2","1","1","CAP","1"
"XCO-972","EDGAR CIFUENTES","6TA AV A 16-07 ZONA 5 DE MIXCO COLONIA 1RO DE JULIO","5812-3260","","EDGAR CIFUENTES","0","1","1","1","CAP","1"
"PCE-973","IMPORTACIONES LA BODEGONA","AV PETAPA 43-07 ZONA 12","2296-3106","","JULIO AREVALO","0","1","1","1","CAP","3"
"XCO-974","INSTITUTO MISIONERO SOCIEDAD DE SAN PABLO","18 CALLE 20-71 ZONA 10 BOULEVARD LOS PROCERES","2367-4031","","MIGUEL RENGIFO ZAMORANO","0","1","1","1","CAP","3"
"PRE-975","PROYECTA INTEGRAL S.A.","B CALLE 8-44 ZONA 10 EDYMMA PLAZA NIVEL 9 OFICINA 903","2296-3624","","BREHETT ANALY MERLOS","0","4","1","1","CAP","1"
"PRE-976","LEYES Y PUBLICACIONES DE GUATEMALA","13 CALLE 8-44 ZONA 10 EDYMA PLAZA NIVEL 9 OFICINA 903","2296-3624","","ANALY MERLOS","0","4","1","1","CAP","1"
"XCO-977","SERVICENTRO AUTOLAB","9A CALLE 27-40 ZONA 4 MIXCO EL NARANJO","5874-8836","","DAVID DIEGUEZ","0","1","1","1","CAP","1"
"VD2-978","LA CHAPINITA","3 CALLE 0-63 ZONA 9","0","","CARLOS MOLLINEDO","0","3","1","1","CAP","2"
"VD2-979","BOTICA GANADERA","KM 22.5 A EL SALVADOR BODEGA ECOPLAZA #301","5708-0373","","PATRICIA AGUIRRE","0","3","1","1","CAP","2"
"XCO-980","FARMACIA LA SOLUCION","LOTE 5 MANZANA 40 PLNAES DE MINERVA ZONA 11 DE MIXCO","4070-5850","","ARIEL GOMEZ","0","1","1","1","CAP","2"
"CON-981","DIAGROMOZA","KM 17.5 CARRETERA A EL SALVADOR ARRAZOLA LOTE 87B","4889-7342","","BYRON MORALES","0","2","1","1","CAP","1"
"XCO-982","DIAGROMOZA","KM 17.5 CARRETERA A EL SALVADOR ARROZAL LOTE 87B","4889-7342","","BYRON MORALES","0","1","1","1","CAP","1"
"XCO-984","J Y R SERVICIOS Y OTROS","CALLE PRINCIPAL 83-40 ZONA 0 SAN RAFAEL LAS FLORES FRENTE A LA IGLESIA","4851-5134","","JOSELIN REYES","0","1","1","1","CAP","3"
"CON-985","J Y R SERVICIOS Y OTROS","CALLE PRINCIPAL 83-40 ZONA 0 SAN RAFEL LAS FLORES FTE A LA IGLESIA","4851-5134","","JOSELIN REYES","0","2","1","1","CAP","3"
"CON-988","DUROPORT LUX","7 CALLE 9-28 ZONA 1","4588-7609","","AURELIA LUX","0","2","1","1","CAP","1"
"XCO-989","DISTRIBUIDORA EL PACIFICO","17 CALLE 3-98 ALTOS DE BARCENAS 2 ZONA 3 V.N","4611-2088","","KATERINNE ALFARO","0","1","1","1","CAP","2"
"XCO-990","IMPORTADORA UNO S.A.","13 AV A 2-84 ZONA 2 MIXCO COLONIA LA ESCUADRILLA","2203-7272","","EDUARDO VARGAS","0","1","1","1","CAP","3"
"XCO-993","BABY PATPAT","5 CALLE 2-25 C ZONA 2 CHICACAOI SUCHITEPEQUEZ","3188-3245","","DULCE MARIA GIRON","0","1","1","1","CAP","1"
"XCO-994","MW CAR AUDIO","KM 53.5 BARBERENA SANTA ROSA","4284-2923","","MARVEL QUITANA","0","1","1","1","CAP","3"
"CON-995","DISTRIBUIDORA CUSCATLAN GUATEMALA, S.A.","19 AVENIDA 28-48 ZONA 5","2335-4195","","JACQUES JACIR","0","2","1","1","CAP","1"
"CON-996","MARMOLES PREMIER // TROFEMUNDO","4TA AVENIDA 22-39 ZONA 3","5378-3597 // 57205383","","ELSA GAMBOA","0","2","1","1","CAP","4"
"XCO-997","MARMOLES PREMIER // TROFEMUNDO","4TA AVENIDA 22-39 ZONA 3","5378-3597 // 57205383","","ELSA GAMBOA","0","1","1","1","CAP","4"
"PRE-998","DISTRIBUIDORA MANANTIAL","25 AVENIDA 05-30 BODEGA B10 BLV INDUSTRIAL ZONA 18","2307-4086//4645-9454","","JOEL RAMIREZ","0","4","1","1","CAP","1"
"XCO-999","FLORISTERIA ALFA Y OMEGA","INT MERCADO CENTRAL LOCAL 150 SEGUNDO NIVEL","4327-4731","","WENDY ORDOÐEZ","0","1","1","1","CAP","4"
"CON-1000","FLORISTERIA ALFA Y OMEGA","INT MERCADO CENTRAL LOCAL 150 SEGUNDO NIVEL","4327-4731","","WENDY ORDOÐEZ","0","2","1","1","CAP","4"
"CON-1002","FARMACIA LA SOLUCION","LOTE5 MANZANA 40 PLANES DE MINERVA ZONA 11 DE MIXCO","4070-5850","","ARIEL GOMEZ","0","2","1","1","CAP","2"
"XCO-1004","SABY STATIONERY","13 CALLE 15-52 ZONA 1","2252-7751","","SABY LIMA","0","1","1","1","CAP","1"
"XCO-1003","DRUTEK PRINTING","13 CALLE 15-52 ZONA 1","4211-9610","","SABY LIMA","0","1","1","1","CAP","1"
"XCO-1006","JERSEY SHOP","11 CALLE 12-71 COLONIA ROOSEVELT ZONA 11","5231-9192","","VERALY PEREZ DE VALENCIA","0","1","1","1","CAP","4"
"CON-1005","JERSEY SHOP","11 CALLE 12-71 ZONA 11 COLONIA ROOSEVELT","5231-9192","","VERALY PEREZ DE VALENCIA","0","2","1","1","CAP","4"
"XCO-1007","CLADIST","KM 39.5 RUTA INTERAMERICANA CASA  4","54312261//54569101","","CLAUDIA SECAIDA","0","1","1","1","CAP","4"
"CON-1008","CLADIST","KM 39.5 RUTA INTERAMERICANA CASA 4","5131-2261//5456-9101","","CLAUDIA SECAIDA","0","2","1","1","CAP","4"
"XCO-1009","EMA","LOTE 20 LA MONTAÐITA 1 KM 14.5 ANTIGUA CARRETERA A EL SALVADOR SANTA CATARI","4229-3760","","EVELIN ALVAREZ","0","1","1","1","CAP","4"
"CON-1010","EMA","LOTE 20 LA MONTAÐITA 1 KM 14.5 ANTIGUA CARRETERA A EL SALVADOR SANTA CATARI","4229-3760","","EVELIN ALVAREZ","0","2","1","1","CAP","4"
"VD3-1011","GARE DE CREACION, S.A.","5TA CALLE 7-55 ZONA 1","2422-7676","","ABNER MENDEZ","0","3","1","1","CAP","1"
"CON-1012","GARE DE CREACION, S.A.","5RA CALLE 7-55 ZONA 1","2422-7676","","ABNER MENDEZ","0","2","1","1","CAP","1"
"XCO-1013","GARE DE CREACION,S.A.","5TA CALLE 7-55 ZONA 1","2422-7676","","ABNER MENDEZ","0","1","1","1","CAP","1"
"CON-1014","ZICO TEXTILES, S.A.","9 CALLE 26-68 ZONA 4 MIXCO EL NARANJO","5531-3989","","PABLO APARICIO","0","2","1","1","CAP","1"
"XCO-1015","Q7, S.A","AV BOLIVAR 20-39 ZONA 1 APTO A","4705-1203","","AXEL ARRIAGA","0","1","1","1","CAP","1"
"CON-1016","FESY, S.A.","5 AV A 5-79 SAN JACINTO ZONA 10 MIXCO","5630-1911","","FERNANDO SANTA CRUZ","0","2","1","1","CAP","2"
"XCO-1017","FESY, S.A.","5AV A 5-79 SAN JACINTO ZONA 10 MIXCO","5630-1911","","FERNANDO SANTA CRUZ","0","1","1","1","CAP","2"
"XCO-1018","DULCE SILUETA","CUILAPA SANTA ROSA","3388-0199","","INGRID LEMUS","0","1","1","1","CAP","3"
"CON-1019","FALSET, S.A. / CENTRO OPTICO","7 AVENIDA 8-41 ZONA 1 C.C. REAL DEL PARQUE LOCAL 204","22636151 // 22530224","","MARIA JARDI","0","2","1","1","CAP","3"
"XCO-1020","FALSET// CENTRO OPTICO","7 AVENIDA 8-41 ZONA 1 C.C. REAL DEL POARQUE LOCAL 204","22636151//22530224","","MARIA JARDI","0","1","1","1","CAP","3"
"CON-1021","SUNNY SEA","8 CALLE 27-72 KAMINAL JUYU 1 ZONA 1","5455-4559","","SHIRLEY ALVAREZ","0","2","1","1","CAP","4"
"XCO-1022","SUNNY SEA","8 CALLE 27-72 KAMINAL JUYU 1 ZONA 7","5455-4559","","SHIRLEY ALVAREZ","0","1","1","1","CAP","4"
"XCO-1025","LABORATORIO Y DROGUERIA GENEMEDIC","7A CALLE 34-78 TIKAL 2 ZONA 7 GUATEMALA","2433-9089","","JONATHAN DONADIO","0","1","1","1","CAP","3"
"XCO-557","HUGO ALFARO","33 AVENIDA 20-37 ZONA 7 RESIDENCIALES BOSQUES LINDA","5717-9360","","HUGO ALFARO","0","1","1","1","CAP","4"
"CON-1026","DEPORTES LINK","17 CALLE 5-28 ZONA 1 GUATEMALA","2232-7976","","CHIEN FU CHIANG // LEILA COLIN","0","2","1","1","CAP","3"
"XCO-1027","DEPORTES LINK","17 CALLE 5-28 ZONA GUATEMALA","2232-7976//5834-3254","","CHINEN FU CHIANG // LEILA COLIN","0","1","1","1","CAP","3"
"CON-1028","IMPOLLANTAS ELROSARIO SANTIAGO SACATEPEQUEZ","KM 33.2 CARRETERA INTERAMERICANA LOTE 20 A","3367-4880","","BARTOLOME AMBROCIO","0","2","1","1","CAP","4"
"XCO-1029","IMPOLLANTAS ELROSARIO SANTIAOG SACATEPEQUEZ","KM 33.2 CARRETERA INTERAMERICANA LOTE 20 A","3367-4880","","BARTOLOME AMBROCIO","0","1","1","1","CAP","4"
"CON-1030","LAMPARAS Y MAS","EL CARMEN FRONTERA, MALACATAN","5340-0651","","EYMER ORDOÐEZ","0","2","1","1","CAP","4"
"XCO-1031","LAMPARAS Y MAS","EL CARMEN FRONTERA MALACATAN","5340-0651","","EYMER ORDOÐEZ","0","1","1","1","CAP","4"
"XCO-1032","SERVI FILM","2DA. CALLE 6-07 ZONA 9 , 2DO. NIVEL, GUATEMALA CITY, GUATEMALA","2360-6097","","N/A","0","1","1","1","CAP","3"
"CON-1033","EDITORIAL UNIVERSAL","VA CALLE 1-11 ZONA 1","2232-4537","","ARACELY GUZMAN","0","2","1","1","CAP","1"
"XCO-1034","SHOP HUNTERS","13 AV C 2-57 ZONA 2 DE MIXCO CARR VILLAS SANTA RITA","5923-9192","","PAUL SALGUERO","0","1","1","1","CAP","1"
"XCO-1035","PICKYGT","13 AV C 2-57 ZONA 2 DE MIXCO VILLAS DE SANTA RIAT #29","3374-9312","","JESSICA SALGUERO","0","1","1","1","CAP","3"
"XCO-1036","ALDOS DE ITALIA","FRACCIONAMINETO INDUSTRIAL MIXOC NORTE BODEGA B-6 KM 16.5 CARR SAN JUAN SAC","0","","FILADELFO PEREZ RIVAS","0","1","1","1","CAP","3"
"CON-1037","AUTO HAUS","DIAGONAL 30-89 ZONA 3 PLAZA GARIBALDI LOCAL 4 QUETZALTENANGO","3035-7416","","JORGE SANTIZO","0","2","1","1","CAP","4"
"XCO-1038","AUTO HAUS","DIAGONAL 30-89 ZONA 3 PLAZA GARIBALDI LOCAL 4 QUETZALTENANGO","5314-4780","","JORGE SANTIZO","0","1","1","1","CAP","4"
"XCO-1039","MOTOREPUESTOS ACQUARONI, S.A. // MIXCO","17 CALLE 14-99 COMPLEJO INDUSTRIAL DISTRIBODEGAS 4 BODEGA 24 ZONA 4 MIXCO","2218-6100","","FRANCISCO CHAVEZ","0","1","1","1","CAP","1"
"CON-1040","PLASTIORIENTE","RUTA4, 1-27 ZONA 4 MINTER BODEGUITAS BOD 114","3219-1879","","MAURICIO LEONEL CHEW MEJIA","0","2","1","1","CAP","2"
"XCO-1041","PLASTIORIENTE","RUTA 4 1-27 ZONA 4 MISTER BODEGUITAS BOD 114","3219-1879","","MAURICIO LEONEL CHEW MEJIA","0","1","1","1","CAP","2"
"CON-1042","SIEMBRAS VISION, S.A.","6 AVE. 20-42 ZONA 10 C.C. PLAZA MUSICAL LOCAL 12","2329-0200","","JORGE BOLAÐOS","0","2","1","1","CAP","4"
"XCO-1043","SIEMBRAS VISION, S.A.","6 AVE. 20-42 ZONA 10 C.C. PLAZA MUSICAL LOCAL 12","2329-0200","","ROSSANA RUIZ","0","1","1","1","CAP","4"
"CON-1044","KARENS DESIGNS","30AV A 4-91 ZONA 7 TIKA 1","58085014","","DAVID QUEZADA","0","2","1","1","CAP","4"
"VD3-1046","MULTIPRODUCTOS HOSPITALARIOS E INDUSTRIALES","27 AVENIDA 7-25 ZONA 4 DE MIXCO PROYECTO DISTRIBODEGAS II BODEGA 11","2354-6566","","GERMAN ARANA","0","3","1","1","CAP","1"
"XCO-1047","IMPORTADORA PASCAL","17 AV 24-76 ZONA 6 PROYECTO 4-3","3352-9770","","ELY DEL ROSARIO PALACIOS DE CASTILLO","0","1","1","1","CAP","3"
"XCO-1048","EXCLUSIVAS JIREH","19 CALLE 1-10 ZONA 1 CIUDAD DE GUATEMALA","2253-2808","","ANA CERRATO","0","1","1","1","CAP","3"
"VD3-1049","ESPORANGIO, S.A.","KM 14.5 CARR A EL SALVADOR GRAN PLAZA BODEGA 122 STA CATARINA PINULA","2303-6600","","CARLOS MONTERROSO","0","3","1","1","CAP","1"
"VD3-1050","EMPAQUE Y DISTRIBUCION DE PRODUCTOS, S.A.","KM 14.5 CARR A EL SALVADOR C.C. GRAN PLAZA BODEGA 105 SANTA CATARINA PINULA","2303-6600","","CARLOS MONTERROSO","0","3","1","1","CAP","1"
"VD3-1051","GRUPO MAS VISION, S.A.","C.C. ZONA 4 TORRE PROFESIONAL 1 NIVEL 3 OF 211","2425-8484","","CLAUDIA CUESTAS","0","3","1","1","CAP","1"
"XCO-1052","TECNOMILK GUATEMALA","4TA CALLE 23-66 ZONA 6 BARRIO SAN ANTONIO G.","2270-0418","","NERY ORREGTO","0","1","1","1","CAP","1"
"GUA-1053","FLUSHING COSMETICS","KM 16.5 CARRETERA A SAN JUAN SACATEPEQUEZ"," 2327-6666","","SARA NOC","0","3","1","1","CAP","3"
"VD2-1054","LLANTAS Y MANGUERAS, S.A.","15 CALLE 8-01 ZONA 12 REFORMITA","2329-4949","","EDGAR MONTENEGRO","0","3","1","1","CAP","2"
"VD2-1055","IMPORTADORA UNO, S.A","13 AVENIDA A 2-84 ZONA 2 MIXCO","2203-7272","","MONICA JOSE NOGUERA MORALES","0","3","1","1","CAP","2"
"XCO-1056","NOVEDADES ESPERANZA","AV BOLIVAR 22-77 ZONA 1","4444-3109","","DAVID COS TIGUILA","0","1","1","1","CAP","2"
"XCO-1057","OFERTERO ESC","7 CALLE 5-28 ZONA 2 COL MOSE LUZ ESCUINTLA","5555-3939","","JOSE BARRIOS","0","1","1","1","CAP","2"
"CON-1058","OFERTERO ESC","7 CALLE 5-28 ZONA 2 COL MOSE LUZ ESCUINTLA","5555-3939","","JOSE BARRIOS","0","2","1","1","CAP","2"
"XCO-1059","AGROSAFARI, S.A.","5TA AV 6-45 ZONA 9 GUATEMALA","2332-3399","","ELDER GODOY","0","1","1","1","CAP","1"
"XCO-1061","LIVISTO GUATEMALA, S.A.","5TACALLE 3-30 ZONA9","23629071","","CRISTIAN ABAC","0","1","1","1","CAP","2"
"VD2-1062","LIVISTO GUATEMALA, S.A.","5TA CALLE 3-30 ZONA 9","23629071","","CRISTIAN ABAC","0","3","1","1","CAP","2"
"XCO-1063","VETS AND PETS TRADING GUATEMALA, S.A.","KM 14.5 CARR A EL SALVADOR C.C. GRAN PLAZA B 312","2296-1906","","TALIA OVANDO","0","1","1","1","CAP","2"
"CON-1064","VETS AND PETS TRADING GUATEMALA, S.A.","KM 14.5 CARR A EL SALVADOR C.C. GRAN PLAZA B 312","2296-1906","","TALIA OVANDO","0","2","1","1","CAP","2"
"XCO-1065","INSUMOS VETERINARIOS PARA GUATEMALA, S.A.","KM 14.5 CARR A EL SALVADOR BOD 312 C.C. GRAN PLAZA","2296-1906","","CLAUDIA GARRIDO","0","1","1","1","CAP","2"
"CON-1066","INSUMOS VETERINARIOS PARA GUATEMALA, S.A.","KM 14.5 CARR A EL SALVADOR BOD 312 C.C. GRAN PLAZA","2296-1906","","CLAUDIA GARRIDO","0","2","1","1","CAP","2"
"XCO-1067","LA GRINGA, IMPORTADORA DE PACAS","17 AVE. 46-16 ZONA 12 COLONIA LA COLINA","54860170","","BYRON MUÐOZ","0","1","1","1","CAP","2"
"VD2-1068","CONVEGUA, S.A.","50 CALLE 15 AV FINAL SEC B CASA 9 VIENTOS DEL VALLE ZONA 12","2376-4669","","JUAN AVILA","0","3","1","1","CAP","2"
"XCO-1069","MUEBLES MODERNOS","AV LA REFORMA 02-18 ZONA 9 LOCAL 8","4841-5377","","MAGDIEL CRESPO","0","1","1","1","CAP","2"
"CON-1070","MUEBLES MODERNOS","AV LA REFORMA 02-18 ZONA 9 LOCAL 8","4841-5377","","MAGDIEL CRESPO","0","2","1","1","CAP","2"
"XCO-1071","LGD","KM 113 CARRETERA PANAMERICANA ALDEAP OZA DE AGUA GUAZACAPAN SANTA ROSA","5065-1686","","MYNOR GUERRA","0","1","1","1","CAP","2"
"CON-1072","LGD","KM 113 CARRETERA PANAMERICANA ALDEA POZA DE AGUA GUAZACAPAN SANTA ROSA","5065-1686","","MYNOR GUERRA","0","2","1","1","CAP","2"
"CON-1073","AGRO INDUSTRIAS CITRICAS, S.A.","KM 84.5 CA9 INTERIOR FINCA AGUA BLANCA","2300-3000","","WALTER GOMAR","0","2","1","1","CAP","1"
"XCO-1045","KARENS DESINGS","30AV A 4-91 ZONA 7 TIKAL 1","58085014","","DAVID QUEZADA","0","1","1","1","CAP","4"
"XCO-1076","SUJEIRY MARIELA POSADAS","2DA AVENIDA 2-62 ZONA 1 BARRIO JESUS Y MARIA ESQUIPULAS","5387-7761","","SUJEIRY POSADAS","0","1","1","1","CAP","1"
"VD3-1077","MERCAGRO, S.A.","2 CALLE 17-16 ZONA 8 MIXCO SECT B1","22981512","","DINA ALARCON","0","3","1","1","CAP","1"
"XCO-1078","MERCAGRO, S.A.","2 CALLOE 17-16 ZONA 8 MIXCO SECTOR B1","22981512","","DINA ALARCON","0","1","1","1","CAP","1"
"XCO-1079","EL TALLER DE JORGE","5AV 5-58 CALLE REAL PASTORES","41638589","","JORGE GARCIA","0","1","1","1","CAP","1"
"PRE-1080","IMPORTADORA MODA EXPRESS GT","RES LA ALAMEDA, FINCA MAZA, ZONA 1 COATEPEQUE","5577057","","KARLA DIAZ","0","4","1","1","CAP","2"
"VD2-1081","IMPORTADORA MODA EXPRESS GT","RES LA ALAMEDA FINCA MAZA ZONA 1 COATEPEQUE","55777057","","KARLA DIAZ","0","3","1","1","CAP","2"
"XCO-1082","STELIS FLOWER","KM 2.3 CARRETERA A EL SLTO ESCUINTLA","53186002","","LISETTE DE DEVRIES","0","1","1","1","CAP","2"
"CON-1083","STELIS FLOWER","KM 2.3 CARRETERA A EL SALTO ESCUINTLA","53186002","","LISETTE DE DE VRIES","0","2","1","1","CAP","2"
"CON-1085","GREEN DESERT SUCULENTAS","DIAGONAL 1 9D-28 COL SAN PABLO ZONA 3 CHIMALTENANGO","3683-6779","","LESTER COY","0","2","1","1","CAP","4"
"PRE-1086","VARIEDADES ROSSILL","BARRIO LA REFORMA, A LA PARA DE HOTEL LA REFORMA, MONJAS, JALAPA","4873-7359","","EVELIN ROCIL","0","4","1","1","CAP","3"
"XCO-1087","AUTOPARTES Y MAS DE GUATEMALA, S.A.(APYMSA)","14AV. 16-70 ZIBA 4 DE MIXCO CONDADO EL NARANJO DIST. BODEGAS EL NARANJO BOD","226-4448","","RONY PEREZ / DENIS FUENTES","0","1","1","1","CAP","2"
"CON-1088","AUTOPARTES Y MAS DE GUATEMALA, S.A.","5TA CALLE 3-28 ZONA 9 GUATEMALA","22964448","","RONY PEREZ /DENIS FUENTES","0","2","1","1","CAP","2"
"XCO-1089","IMPORTADORA TITO","17 CALLE A 12-50 ZONA 11 CIUDAD","2221-5353","","AUGUSTO JUAREZ","0","1","1","1","CAP","1"
"XCO-1090","SUMINISPRO","13 CALLE 12-96 ZONA 11 BODEGA 1018","2458-4580","","GABRIELA MARROQUIN","0","1","1","1","CAP","2"
"CON-1091","SOHER, SOCIEDAD ANONIMA","20 CALLE 11-02 ZONA 10 INTERIOR C","2292-4507","","ALEJANDRA SOSA","0","2","1","1","CAP","2"
"XCO-1092","SOHER, SOCIEDAD ANONIMA","20 CALLE 11-02 ZONA 10 INTERIOR C","2292-4507","","ALEJANDRA SOSA","0","1","1","1","CAP","2"
"XCO-1093","LA MEXICANA GT","DIAGONAL 17 AVENIDA MARISCAL 26-49 ZONA 11 COL GRANAI 2","5587-3181","","N/A","0","1","1","1","CAP","1"
"CON-1084","DISTRIBUIDORA DE ALIMETNOS LOS HERMANOS J&E S.A.","LOTE 1 MANZANA 1 ENTRADA A COLONIA EL ROSARIO ZONA 18","5721-6099//4996-3883//3695-8984","","JELVER RUIZ","0","2","1","1","CAP","1"
"XCO-1094","DISTINCOMER, S.A.","AV PETAPA 46-73 ZONA 12","2477-5303","","OTTO ROGELIO DIAZ","0","1","1","1","CAP","1"
"PRE-1095","UKA","3 AV 16-50 ZONA 2 JARDINES DE SANTA DELFINA CASA 17","5805-0098","","ANDREA CEBALLOS","0","4","1","1","CAP","4"
"CON-1096","AZTECA IMPORTS","AV PETAPA 42-85 ZONA 12 OFIBODEGAS EMPRESARIAL PETAPA BODEGA NO. 5","5458-5582","","BRANDON SUBUYUC","0","2","1","1","CAP","2"
"XCO-1097","AZTECA IMPORTS","AV PETAPA 42-85 ZONA 12 OFIBODEGAS EMPRESARIAL PETAPA BODEGA NO. 5","5458-5582","","BRANDON SUBUYUC","0","1","1","1","CAP","2"
"CON-1098","DISTRIBUIDORA EMANUEL","3RA AVENIDA 20-14 ZONA 1","2250-0871","","PEDRO SAJCHE","0","2","1","1","CAP","2"
"XCO-1099","DISTRIBUIDORA EMANUEL","3RA AVENIDA 20-14 ZONA 1","2250-0871","","PEDRO SAJCHE","0","1","1","1","CAP","2"
"XCO-1100","MACRO SISTEMAS SA .","BODEGA 2,  15 AV. FINAL SUR 6-56 ZONA 1 CHIQUIMULA","7790-1818","","RUBEL RAMIREZ","0","1","1","1","CAP","3"
"GUA-1101","KRISHPAR HEALTHCARE, S.A.","CALZADA CONCEPCION 5-26 OFIBODEGAS PLAZA VILLA NUEVA ZONA 6 BODEGA 5","23143936","","JULIO ROBERTO GARRIDO LOPEZ","0","3","1","1","CAP","2"
"XCO-1102","EL CLOSET DE LULU","RESIDENCIALES VILLA DE SANTIAGO ZONA 3 ESQUIPULAS","4211-2527","","DAMARIS RAMOS GUERRA","0","1","1","1","CAP","3"
"XCO-1103","MANIAS SAN JOSE CHIQUIMULA","3RA AV. 10-37 ZONA 4 EL MOLINO CHIQUIMULA","0","","NAPOLEON OSORIO","0","1","1","1","CAP","3"
"CON-1104","MAS COLECCION","7MA AV 10-75 RESIDENCIALES CATALINA ZONA 6 VILLA NUEVA","3304-3962","","MISAEL LOPEZ","0","2","1","1","CAP","2"
"XCO-1105","MAS COLECCION","7MA AV 10-75 RESIDENCIALES CATALINA ZONA 6 VILLA NUEVA","3304-3962","","MISAEL PEREZ","0","1","1","1","CAP","2"
"XCO-1106","ALMACEN LA GRNA CHINA J&J S.A.","CALZADA ROOSEVELT ZONA 2 DE MIXCO MOLINO LAS FLORES","4716-7610","","CHUNRON JIN","0","1","1","1","CAP","2"
"XCO-1107","MORADA","13 CALLE  14-76  ZONA 3  MIXCO COL LOMAS DE COTIO SOBRE CALZ MATEO FLORES","0","","N/A","0","1","1","1","CAP","2"
"CON-1108","TRAMSAT S,A.","CIUDAD GUATEMALA","5657-3395","","N/A","0","2","1","1","CAP","3"
"XCO-1109","B COLORS, S.A.","28 CALLE 11-82 ZONA 13 COLONIA SANTA FE","2312-8890","","NORMA BARRIOS","0","1","1","1","CAP","3"
"CON-1110","B COLORS, S.A.","28 CALLE 11-82 ZONA 13 COLONIA SANTA FE","2312-8890","","NORMA BARRIOS","0","2","1","1","CAP","3"
"XCO-1111","PREFUMERIA PARIS","13 AVENIDA 4-26 ZONA 1","3526-6485","","HUGO PALMA","0","1","1","1","CAP","1"
"XCO-1112","LABORATORIO TOPEX DE GUATEMALA, S.A.","6 TA CALLE 7-25 ZONA 2 CIUDAD NUEVA GUATEMALA","2319-2222","","HENRY JIMENEZ","0","1","1","1","CAP","1"
"XCO-1113","DISTRITO MODA NOVA","20 CALLE 2-40 ZONA 1 C-C- ÐA 20 LOCAL L","48805636--49685623","","N/A","0","1","1","1","CAP","1"
"XCO-1114","MUNDIPACAS","CALZADA ROOSEVELT 9-44 ZONA 7","57878200","","BERNNY GARCIA","0","1","1","1","CAP","1"
"PRE-1115","AGRONEGOCIOS RB","LOTIFICACION SINAI LOTE 24 CALLEJON BARRILES ZONA 2 TIQUISATE ESCUINTLA","5966-9052","","RUDY BAECHILI","0","4","1","1","CAP","2"
"VD3-1116","SERVI PASTILLAS, S.A.","14 AVENIDA 19-50 ZONA 4 DE MIXCO CONDADO EL NARANJO OFIBODEGAS SAN SEBASTIA","2431-9595","","MARIO PINEDDA","0","3","1","1","CAP","1"
"XCO-1117","SERVI PASTILLAS, S.A.","14 AVENIDA 19-50 ZONA 4 DE MIXCO CONDADO EL NARANJO OFIBODEGAS SAN SEBASTIA","2431-9595","","MARIO PINEDA","0","1","1","1","CAP","1"
"XCO-1118","BOTICA GANADERA, S.A.","3RA AV 11-12 ZONA 9","2360-7459","","RENEE VALENZUELA","0","1","1","1","CAP","2"
"VD3-1119","DISTRIBUIDORA ATP","6TA AV 7-37 APTO A NUEVA MONSERRAT ZONA 3 MIXCO","5719-5147//5381-6100","","ANTONIO TOMA","0","3","1","1","CAP","1"
"PRE-1120","SMELLS","3RA CALLE 11-20 ZONA 1 CHIQUIMULA","7382-7800//3083-0180","","WILLIAM FERNANDO SOSA LARIOS","0","4","1","1","CAP","2"
"XCO-1121","DISTRIBUIDORA R Y R","KM 17.5 CARR BARCENAS LOTE 12 COL EL MAESTRO ZONA 3 VILLA NUEVA","6629-3610","","N/A","0","1","1","1","CAP","3"
"VD2-1122","TECNOLOGIA PECUARIA, S.A.","3RA CALLE 3-17 ZONA 9","2329-5660","","SILVIA FUENTES","0","3","1","1","CAP","2"
"XCO-1123","TECNOLOGIA PECUARIA, S.A.","3RA CALLE 3-17, ZONA 9","2329-5660","","SILVIA FUENTES","0","1","1","1","CAP","2"
"XCO-1124","ALMACEN CONY","8 AVE 5-24 ZONA 11","2253-8441","","CONSUELO QUINTI","0","1","1","1","CAP","1"
"VD2-1125","PROMEQUI","2A. CALLE 16-53 Z.4 DE MIXCO COL. VALLE DEL SOL BOD L","24372503","","DANIEL BARRENO","0","3","1","1","CAP","2"
"XCO-1126","PROMEQUI","2A CALLE 16-53 Z.4 DE MIXCO COL. VALE DEL SOL BOD L","24372503","","DANIEL BARRENO","0","1","1","1","CAP","2"
"PRE-1127","PLASTIORIENTE","RUTA4, 1-27 ZONA 4 MINTER BODEGUITAS BOD 114","3219-1879","","MAURICIO LEONEL CHEW MEJIA","0","4","1","1","CAP","2"
"PRE-1128","DISTRIBUIDORA MUNESH PORTILLO","BARRIO LA ESCUELA SAN JUAN ERMITA","30441091","","DELMY PORTILLO","0","4","1","1","CAP","3"
"VD3-1129","LABORATORIO OPTICO TOPEX DE GUATEMALA, S.A.","6TA CALLE 7-25 ZONA 2 LOCAL B GUATEMALA","2319-2209","","HENRRI JIMENEZ","0","3","1","1","CAP","1"
"PRE-1130","PICANTE PUBLICIDAD","3RA CALLE 5-22 ZONA 1 MAZATENANGO SUCHITEPEQUEZ","3209-0273","","NESLI RODAS","0","4","1","1","CAP","2"
"XCO-1131","BASS FACTORY, S.A. // EXTREME AUDIO GUATEMALA","10 AVENIDA 33-21 ZONA 11 LAS CHARCAS BODEGA 1","5119-2394","","DAVID SAPON","0","1","1","1","CAP","1"
"CON-1132","BASS FACTORY, S.A. // EXTREME AUDIO GUATEMALA","10 AVENIDA 33-21 ZONA 11 LAS CHARCAS BODEGA 1","5119-2394","","DAVID SAPON","0","2","1","1","CAP","1"
"PRE-1134","COPLASTIC","26 AVENIDA 6-91 ZONA 4 DE MIXCO LOGISTICA NARANJO BODEGA B2","5128-6321","","JOSE MAZARIEGOS","0","4","1","1","CAP","1"
"CON-1135","CORPORACION MKD, S.A.","KM 170, CHIQUIMULA","56340453","","DUNIA GUERRA","0","2","1","1","CAP","1"
"XCO-1136","CORPORACION MKD, S.A","KM 170 CHIQUIMULA","56340453","","DUNIA GUERRA","0","1","1","1","CAP","1"
"CON-1137","PACAS AMERICANAS","KM 170, CHIQUIMULA","56340453","","JULIO ESPAÐA","0","2","1","1","CAP","1"
"XCO-1138","PACAS AMERICANAS","KM 170, CHIQUIMULA","56340453","","JULIO ESPAÐA","0","1","1","1","CAP","1"
"CON-1139","COMERCIALIZADORA GUERRA GONZALEZ, S.A.","KM 170, CHIQUIMULA","56340453","","ADALI GUERRA","0","2","1","1","CAP","1"
"XCO-1140","COMERCIALIZADORA GUERRA GONZALEZ, S.A.","KM 170, CHQIUIMULA","56340453","","ADALI GUERRA","0","1","1","1","CAP","1"
"XCO-1141","TEXTILES CANTON, S.A.","AV BOLIVAR 20-83 ZONA 1","2202-1700","","NA","0","1","1","1","CAP","3"
"XCO-1142","SELFI MELIZA GONZALES DELGADO","ESCUINTLA","3583-5582","","SELFI MELIZA GONZALES DELGADO","0","1","1","1","CAP","3"
"XCO-1143","BEARING SUPPLY S.A.","8 CALLE A 15-54 ZONA 6 GUATEMALA","2317-4382","","ANDRE VALDEZ","0","1","1","1","CAP","1"
"XCO-1144","PICANTE PUBLICIDAD","3RA CALLE 5-22 ZONA 1 MAZATENANGO SUCH","3209-0273","","NESLI RODAS","0","1","1","1","CAP","2"
"XCO-1145","ARTESANIAS Y MANUALIDADES LOS ANGELES","8VA CALLE 5-20 ZONA 1 ESCUINTLA","5568-1835","","GLADYS JERONIMO","0","1","1","1","CAP","3"
"CON-1146","OPTICAL YOU","4TA AVENIDA SUR 15-64 C.C. MARI CENTER 2DO NIVEL LC 27","7888-1623","","EDGAR CHICOJAY","0","2","1","1","CAP","3"
"CON-1147","DREAMERS","RESIDENCIAL SAN ANTONIO APTO 3 CHIQUIMULILLA SANTA ROSA","5815-4857","","KAREN CASTILLO","0","2","1","1","CAP","1"
"XCO-1148","RIMA MODA","2 AV 19-81 ZONA 1 LOCAL C","2232-1136","","SAMER HANNA","0","1","1","1","CAP","3"
"CON-1149","MILIS","3RA CALLE 0-37 APTO D SEC B ZONA 0 ESCUINTLA","5916-5275","","MILDRED CALDERON","0","2","1","1","CAP","3"
"XCO-1150","MILLIS","3RA CALLE 0-37 APTO D SEC B ZONA 0 ESCUINTLA","5961-5275","","MILDRED CALDERON","0","1","1","1","CAP","3"
"VD2-1151","DROGUERIA DISPROFARMACEUTICAL","11 CALLE 6-21 ZONA 4 MIXCO CENTRO EMPRESARIAL ZONA DE NEGOCIOS BODEGA 42","2368-5312","","LESLY PIRIR","0","3","1","1","CAP","2"
"CON-1152","TIRESCORP S.A.","21 CALLE 5-55 ZONA 11 MARISCAL","2376-1700","","VICTOR BRADLEY","0","2","1","1","CAP","2"
"XCO-1153","TIRESCORP, S.A.","21 CALLLE 5-55 ZONA 11 MARISCAL","2376-1700","","VICTOR BRADLEY","0","1","1","1","CAP","2"
"VD2-1154","TIRESCORP, S.A.","21 CALLE 5-55 ZONA 11 MARISCAL","2376-1700","","VICTOR BRADLEY","0","3","1","1","CAP","2"
"CON-1155","PRODUCTOS KIMA","2DA AV 6-40 ZONA 1 FRAIJANES","5863-6773","","MARCELA ALEJANDRA PEREZ","0","2","1","1","CAP","3"
"XCO-1156","GANGALLANTAS","21 CALLE 5-55 ZONA 11 MARISCAL","2376-1700","","VICTOR BRADLEY","0","1","1","1","CAP","2"
"CON-1157","GANGALLANTAS","21 CALLE 5-55 ZONA 11 MARISCAL","2376-1700","","VICTOR BRADLEY","0","2","1","1","CAP","2"
"VD2-1158","GANGALLANTAS, S.A.","21 CALLE 5-55 ZONA 11 MARISCAL","2376-1700","","EVELYN MACARIO","0","3","1","1","CAP","2"
"XCO-1159","ARTESANIAS JORLY","3RA CALLE 3-59 ZONA 2 COL POPULAR","5231-5908","","KLANCY MUTZUS","0","1","1","1","CAP","3"
"PRE-1160","MANDRAKE","8 CALLE 10-45 ZONA 7 COLONIA QUINTA SAMAYOA","3718-5692","","ALBA LOPEZ","0","4","1","1","CAP","3"
"XCO-1161","VITAROL","4TA AVENIDA 10-30 A ZONA1 CIUDAD","3153-2661","","JOSELINA CATELLANOS","0","1","1","1","CAP","1"
"CON-1162","HERBERT MARROQUIN","32 CALLE B 12-91 ZONA 13 SANTA FE","59573590","","HERBERT MARROQUIN","0","2","1","1","CAP","3"
"CON-1163","FORQUIMSA (ROBIN  ARNALDOJOCOP RAXON)","KM 23.5 LOT 09 CARRETERA A SAN PEDRO SACATEPEQUEZ","2301-9952","","ROBIN JOCOP","0","2","1","1","CAP","3"
"GUA-1164","IMPORTACIONES CRESGO, S.A.","CALZ LA PAZ 18-40 ZONA 5 OFIBODEGAS CENTRO 5 BOD 18","2210-8000","","N/A","0","3","1","1","CAP","3"
"XCO-1165","LAURA JUAREZ","3 CALLE 3-59 ZONA 2 COLONIA POPULAR","5021-3611","","LAURA JUAREZ","0","1","1","1","CAP","3"
"VD3-1166","GRUPO MIDI, S.A.","25 AV 5-30 ZONA 18 OFIBODEGAS LA MODERNA BODEGA 8","2202-9000","","EVELIN REVOLORIO","0","3","1","1","CAP","1"
"XCO-1167","PARLOP DISTRIBUCIONES","KM 14.5 CARR AL PACIFICO CASA 2 SEC 3 HACIENDA DE LAS FLORES Z 2 VILLA NUEV","3008-3315","","LUIS PAREDES","0","1","1","1","CAP","2"
"CON-1168","PARLOP DISTRIBUCIONES","KM 14.5 CARR AL PACIFICO CASA 2 SEC 3 HACIENDA LAS FLORES Z2 VILLA NUEVA","3008-3315","","LUIS PAREDES","0","2","1","1","CAP","2"
"XCO-1169","NIM MODA","2 AVENIDA 19-51 PLAZA SAN ANGEL ZONA 1","4607-0530","","ANNA // ADDA","0","1","1","1","CAP","3"
"XCO-1170","VEHICULOS RECREATIVOS, S.A.","8 AVENIDA 00-58 ZONA 2 DE MIXCO COLONIA EL TESORO","2229-7300","","ISMAR PALMA","0","1","1","1","CAP","1"
"XCO-1171","DREAMERS","RESIDENCIAL SAN ANTONIO APTO 3 CHIQUIMULILLA SANTA ROSA","5815-4857","","KAREN CASTILLO","0","1","1","1","CAP","1"
"CON-1172","PHARMA FOCUS INTERNATIONAL, S.A.","CALZ ATANAXIO TZUL 22-00 ZONA 12 EMPRESIAL CORTIJO 2 OFIBODEGAS 510","22280414","","KARLA PAREDES","0","2","1","1","CAP","2"
"XCO-1173","OSCAR SABAN","12 AVENIDA 4-16 ZONA 7 COLONIA QUINTA SAMAYOA","30219851","","OSCAR SABAN","0","1","1","1","CAP","1"
"CON-1174","BILOBA DISTRIBUCIONES, S.A.","8 AV 10-56 ZONA 21 OFIBODEGAS ATANASIO","2316-2954","","NOHEMI HERNANDEZ","0","2","1","1","CAP","2"
"XCO-1175","BILOBA DISTRIBUCIONES, S.A.","8 AV 10-56 ZONA 21 OFIBODEGAS ATANASIO","2316-2954","","NOHEMI HERNANDEZ","0","1","1","1","CAP","2"
"XCO-1176","FLOREN'S","21A V 4-76 ZONA 8 DE MIXCO SAN CRISTOBAL 2 SECTOR B1","3299-0574","","LORENA MONROY","0","1","1","1","CAP","1"
"XCO-1177","ALMACEN SEPTIMA","2 AV 18-08 ZONA 1","2220-1620","","N/A","0","1","1","1","CAP","1"
"XCO-1178","STEFANIA SALAZAR","3A CALLE 4-63 ZONA 2 BARRIO EL ZAPOTE PROGRESO JUTIAPA","5325-5564","","STEFANIA SALAZAR","0","1","1","1","CAP","3"
"XCO-1179","BODEGA VETERINARIA, S.A.","7 CALLE 3-24 ZONA 18 INTERBODEGA OFIBODEGA 24","2509-3838","","SHARON MALDONADO","0","1","1","1","CAP","2"
"CON-1180","REXTERRA, S.A.A","KM 16.5 CARRETERA AL SALVADOR ENTRADA POVAON COND COLINAS ANDA LUCIA CASA 7","4008-0844","","JOSE ENRIQUEZ","0","2","1","1","CAP","1"
"XCO-1181","REXTERRA, S.A.","KM 16.5 CARRETERA AL SALVADOR ENTRADA PAVON COND COLINAS ANDA LUCIA CASA 7","4008-0844","","JOSE ENRIQUEZ","0","1","1","1","CAP","1"
"PRE-1182","SUCHITAN EXPRESS","BARRIO LA JAVIA CALLE HACIA EL CEMENTERIO STA CATARINA MITA JUTIAPA","4686-0461","","YELITZA VASQUEZ","0","4","1","1","CAP","2"
"XCO-1183","MULTIMOTO ZONA 6","15 AV 2-10 ZONA 6 LOCALA 1 MULTIMOTO","2254-5077 // 88","","VICTOR VALDEZ","0","1","1","1","CAP","1"
"XCO-1184","DETOMELEC","CALZ AGUILAR BATRES 57-85 CARR PACIFICO KM 12 ZONA 12 FLEXIBODEGAS BOD 5","2477-3994","","ESTUARDO MELENDEZ","0","1","1","1","CAP","1"
"XCO-1185","GLASS ESSENCE","8 AV 9-35 ZONA 1","2251-8931","","ILEANA GUERRA","0","1","1","1","CAP","1"
"XCO-1186","BENETERRA, ABONOS ORGANICOS","KM 70 AMBERES SANTA ROSA DE LIMA","3656-4581","","ANTONIO SARAVIA","0","1","1","1","CAP","1"
"XCO-1187","MACO GUATEMALA, S.A.","11 CALLE 6-11 EL LLANO Z. 4 MIXCO OFIBODEGAS ZONA DE NEGOCIOS SAN NICOLAS B","2372-2180","","JORGE LUNA","0","1","1","1","CAP","2"
"XCO-1189","MULTINEGOCIOS GENERALES, S.A.","CALZ AGUILAR BATRES 34-77 ZONA 12 C.C. LA CORUÐA BODEGA 4","2314-1515","","MAURICIO MENDEZ","0","1","1","1","CAP","1"
"VD3-1188","MULTINEGOCIOS GENERALES, S.A.","CALZ AGUILAR BATRES 34-77 ZONA 12 C.C. LA CORUÐA BODEGA 4","2314-1515","","MAURICIO MENDEZ","0","3","1","1","CAP","1"
"VD2-1190","INVERSIONES MULTIPLES ALJABA, S.A.","11 CALLKE 6-21 D INTERIO BOD 69 ZONA 4 ZONA DE NEGOCIOS SAN NICOLAS","2221-3071","","JOEL OSEAS CU CHOY","0","3","1","1","CAP","2"
"XCO-1191","CHINA INTERNACIONAL","25-49 ZONA 1 LOCAL C FTE ESTACION DON BOSCO","4214-1475","","MARLON RODRIGUEZ","0","1","1","1","CAP","3"
"CON-1192","DISTRIBUIDORA SUPER HOGAR","15 CALLE 2-04 ZONA 1","2220-7151","","ELIZANDRO HERNANDEZ","0","2","1","1","CAP","2"
"XCO-1193","DISTRIBUIDORA SUPER HOGAR","15 CALLE 2-04 ZONA 1","2220-7151","","ELIZANDRO HERNANDEZ","0","1","1","1","CAP","2"
"XCO-1194","PACAS DEL FRANCES","BODEMAS LAS BRISAS ZONA 6 DE MIXCO KM 16.5 CARR A SAN JUAN SACATEPEQUEZ BOD","5817-0602","","SOFIA CORADO FLORES","0","1","1","1","CAP","2"
"XCO-6863","FORMULARIOS STANDARD, S.A.","1 CALLE 35-39 ZONA 11 COL TOLEDO","2429-8900","","ANA MARIA ARDON","0","1","1","1","CAP","1"
"VD3-1195","QUIMISOL, S.A.A","26 AV 6-78 COLONIA EL NARANJO ZONA 4 MIXCO","2296-2810/11","","CAROLINA HAYDEE SALAZAR","0","3","1","1","CAP","1"
"XCO-1196","PINCHAZO & LLANTERA PAXTOR","LINEA C-6 SIS, CENTRO DOS LA MAQUINA SAN ANDRES VILLA SECA","4603-4151","","EDER PAXTOR","0","1","1","1","CAP","2"
"XCO-1197","ALIMENTOS DE TRIGO, S.A.","3 CALLE A 37-47 ZONA 7 EL RODEO BODEGA 2","2491-0202","","ERICK RODRIGUEZ","0","1","1","1","CAP","2"
"XCO-1198","TITO'S DRINKS","3A AVENIDA 15-07 COLONIA PRIMERO DE JULIOáZONAá5áDEáMIXCO","55555501","","BILFREN LOPEZ","0","1","1","1","CAP","2"
"PRE-1199","Q & S 2,000","8 AVENIDA 3-39 BARRIO LA PAZ ASUNCION MITA","5934-5717","","HAROLDO REYES","0","4","1","1","CAP","3"
"VD2-1200","AMX CENTROAMERICA, S.A.","17 CALLE 29-45 ZONA 12","5923-1969 //2317-0548","","EDGAR RAMOS","0","3","1","1","CAP","2"
"CON-1202","DISEÐO Y REMODELACIONES SUO","BLV PRINCIPAL SAN CRISTOBAL ZONA 8 DE MIXCO PLAZA COMERCIAL VISTAL BALLE LC","3397-1090// 3149-022","","VHANH HALEALIN COROMAC","0","2","1","1","CAP","2"
"XCO-1203","SUO HOGAR","BLV PRINCIPAL SAN CRISTOBAL ZONA 8 DE3 MIXCO PLAZA COMERIAL VISTAL BALLE LC","3397-1090//3149-0222","","VHANH HALEALIN COROMAC HERNANDEZ","0","1","1","1","CAP","2"
"XCO-1204","INOX IND C.A.","13 CALLE 3-45 ZONA 1 MIXCO","3750-6224//4491-8105","","HUGO RASHON","0","1","1","1","CAP","2"
"CON-1205","ABEL ARGUETA  // COMERCIAL ARGUETA","ZONA   1","4528-8457","","N/A","0","2","1","1","CAP","2"
"XCO-1206","FARMASER  GUATEMALA S,A.","3CALLE C 17-89 HACIENDA  VISTA HERMOSA   ZONA 8  MIXCO","2308-3523","","N/A","0","1","1","1","CAP","2"
"CON-1207","FARMASER  GUATEMALA  S,A.","3 CALLE C  17-89 HACIENDA VISTA HERMOSA ZONA  8  MIXCO","2308-3523","","FRANCISCO JAVIER  TELLEZ","0","2","1","1","CAP","2"
"PRE-1208","ALMACEN MENDOZA","RESIDENCIALES ALAMEDA CASA 36 COATEPEQUE","59396741","","RICARDO MENDOZA","0","4","1","1","CAP","2"
"XCO-1209","ESTRELLA DE BELEN","AVENIDA BOLIVAR 20-59 ZONA 1","2232-4161","","N/A","0","1","1","1","CAP","3"
"CON-1210","GUATEMALTECA   DE  MINERALES S,A. (GUAMINZA)","AV PETAPA  25-25  ZONA  12 EMPRESARIAL  B7","0","","CLAUDIA  MENDEZ","0","2","1","1","CAP","2"
"XCO-1211","PALACIO DE LAS TELAS","5A AVENIDA 17-45 Y 17-51 ZONA 1","2501-2020","","NA","0","1","1","1","CAP","3"
"CON-1212","CORRECAMIONS REPUESTOS, S.A. /DISCOM","11 AVENIDA 5-03 Z. 9 MIXCO PRADERA DE LAS FLORES SEC1 SAN CRISTOBAL","4218-1363 / 4160-8710","","WILLIAM ORTEGA / MARIO FONSECA","0","2","1","1","CAP","3"
"XCO-1213","CORRECAMINOS REPUESTOS, S.A. / DISCOM","11 AVENIDA 5-03 Z.8 MIXCO PRADERA DE LAS FLORES SEC 1 SAN CRISTOBAL","4218-1363/ 4160-8710","","WILLIAM ORTEGA / MARIO FONSECA","0","1","1","1","CAP","3"
"VD3-1214","FERCA, S.A.","3 AVENIDA 10-90 ZONA 9","2379-9074","","RODOLFO ESCOBAR","0","3","1","1","CAP","1"
"GUA-1215","COMERCIAL EL MAYOREO","CALZ AGUILAR BATRES  37-00 ZONA  11","2314-8747","","MANUEL SALVATIERRA","0","3","1","1","CAP","2"
"XCO-1216","MORIGAN","21 CALLE PLAZA 5 ZONA 1","5411-8166","","N/A","0","1","1","1","CAP","3"
"GUA-1217","COMERCIAL EL MAYOREO (NARANJO)","7 CALLE  29-85  BLV  NARANJO ZONA  4  MIXCO","2393-4682","","MANUEL  ERNESTO SALVATIERRZ","0","3","1","1","CAP","2"
"GUA-1218","RASTREO INTELIGENTE S,A.","CALZ ATANZIO  TZUL  22-00 ZONA  12 CORTIJO  2 BOD 406","2462-6880/81","","RICARDO   ANDRES    ORDOÐEZ","0","3","1","1","CAP","2"
"CON-1219","JS ACCESORIOS","CALZADA SAN JUAN 9-04 QUINTA SAMAYOA ZONA 7","5825-1444","","ERICKA RODRIGUEZ","0","2","1","1","CAP","1"
"XCO-1220","JS ACCESORIOS","CALZADA SAN JUAN 9-04 QUINTA SAMAYOA ZONA 7","5825-1444","","EROLCA RODRIGUEZ","0","1","1","1","CAP","1"
"CON-1221","COUTURE, S.A.","17 AVENIDA 52-55 OFIBODEGAS PETAPA ZONA 12 BODEGA 39","2354--1900","","PABLO DAVI RODAS REYES","0","2","1","1","CAP","3"
"XCO-1222","COUTURE, S.A","17 AVENIDA 52-55 OFIBODEGAS PETAPA ZONA 12 BODEGA 12","2354-1900","","PABO DAVID RODAS REYES","0","1","1","1","CAP","3"
"GUA-1223","VECSAR","KM 16.5 CARR SALVADOR  1-159 CALLE OLMECA","6634-2881","","N/A","0","3","1","1","CAP","2"
"XCO-1224","SUPERLLANTAS EL ROSARIO","KM 146.3  ENTRADA LA FRAGUA ZACAPA","4212-4061","","N/A","0","1","1","1","CAP","2"
"CON-1225","SUPER LLANTAS  EL ROSARIO","KM 146.3 ENTRADA LA FRAGUA, ZACAPA","4212-4061","","FRANCISCO  LUX","0","2","1","1","CAP","2"
"XCO-1201","EL PORTAL DE LAS PRENDAS AMERICANAS","9NAAVENIDAD 5TA CALLE 5-01 Z.1 FRENTE A IGLESIA TESTIGOS DE JEHOVA CHIQUIMU","7796-9754","","N/A","0","1","1","1","CAP","3"
"XCO-1226","DISTRIBUIDORA DIAZ","COTEPEQUE ZONA 1 09 CL. POR PISCINAS DE MAZA","5381-1609","","EDVIN DIAZ","0","1","1","1","CAP","1"
"GUA-1227","MEDICAMENTOS DE CALIDAD S,A.","CALZADA CONCEPCION 5-26 OFIBODEGAS PLAZA VILLA NUEVA ZONA 6 BODEGA 5","5815-6596","","PABLO JOSUE   BUONATINA    GOMEZ","0","3","1","1","CAP","2"
"CON-1228","TRIPORCINO","32 CALLE  12-91  ZONA  13  COL SANTA FE","5957-5333","","HECTOR    ARADEL MARRQOUIN","0","2","1","1","CAP","2"
"XCO-1229","TRIPORCINO","32 CALLE   B  12-91  ZONA 13  COL SANTA FE","5957-5333","","HECTOR    ARADEL MARRQOUIN","0","1","1","1","CAP","2"
"XCO-1230","REPUESTOS 13 CALLE","6TA AVENIDA 13 CALLE ZONA 1 ESCUINTLA","44876326","","30292903","0","1","1","1","CAP","1"
"GUA-1231","PLASTIMAS GUATEMALA S,A.","KM  27.5 CARR CA-9 COMPLEJO INDUSTRIAL SUR AMATITLAN.","5826-6814","","LIC ROBERTO    ALEJANDRO LOPEZ   PORTILLO","0","3","1","1","CAP","2"
"XCO-1232","CORPORACIËN LAS FLORES S.A.","TAXISCO, SANTA ROSA","4128-1387","","4128-1387","0","1","1","1","CAP","3"
"XCO-1233","EKHOGARDEN VIVERO Y COMERCIALIZADORA","ESCUINTLA, ESCUINTLA","34455118","","34455118","0","1","1","1","CAP","1"
"CON-1234","EXHOGARDEN VIVERO Y COMERCIALIZADORA","ESCUINTLA, ESCUINTLA","34455118","","34455118","0","2","1","1","CAP","1"
"XCO-1235","WILLENFORTI: PRODUCTOS ALIMENTICIOS DEL CAMPO","1 CALLE C 1-37 BOCA DEL MONTE","39082153","","42502445","0","1","1","1","CAP","2"
"VD3-1236","CORRECAMINOS REPUESTOS S.A / DISCOM","11 AVENIDA 5-03 Z.8 MIXCO PRADERA DE LAS FLORES SECTOR C1 SAN CRISTOBAL","42181363","","42181363","0","3","1","1","CAP","1"
"GUA-1237","HOME 2 HOME","AV HINCAPIE 7-03 ZONA 13","59359172","","DAVID CHAMORRO","0","3","1","1","CAP","2"
"PRE-1238","LUNA","3RA CALLE 4-65 ZONA 1 ASUNCION MITA JUTIAPA","7796-9226","","7796-9226","0","4","1","1","CAP","3"
"xco-1239","MAYOREO DE LLANTAS LOS ARCOS S.A","10 CALLE 2-32 ZONA 2 QUETZALTENANGO","32201961","","32201961","0","1","1","1","CAP","1"
"CON-1240","CALZA S.A.","KM 16.5 CARR A SAN JUAN SAC. Z.6 MIXCO BODEMAX LAS BRISAS BODEGA NO 25","22975700","","LUIS FERNANDO RIVERA","0","2","1","1","CAP","2"
"XCO-1241","DISTRIBUIDORA QUIRURGICA GENERAL S.A","10A AVENIDA 25-63 ZONA 13 LA LIBERTAD","2333-7720","","RICARDO ANTONIO GËMEZ HERNANDEZ / CARLOTA ELIZABET","0","1","1","1","CAP","2"
"GUA-1242","DISTRIBUIDORA QUIRURGICA GENERAL S.A.","10A AVENIDA 25-63 ZONA 13 LA LIBERTAD","2333-7720","","RICARDO ANTONIO GOMEZ HERNANDEZ","0","3","1","1","CAP","2"
"CON-1243","DISTRIBUIDORA JC","SANARATE EL PROGRESO","4667-6783","","N/A","0","2","1","1","CAP","4"
"XCO-1244","RAPIENVIO GUATEMALA S.A.","21 CALLE 7-31 ZONA 11 COLONIA MARISCAL","22933204","","KARLA RODAS","0","1","1","1","CAP","2"
"XCO-1245","PARTE LLANTA","KM16.5 CARRETERA AL SALVADOR OFIBODEGAS EL DORAL BODEGA #28","53629389/56940369","","N/A","0","1","1","1","CAP","1"
"CON-1246","PARTE LLANTA","KM 16.5 CARRETERA AL SALVADOR OFIBODEGAS EL DORAL BODEGA #28","53629389/56940369","","N/A","0","2","1","1","CAP","1"
"XCO-1247","RAPIENVIO QUETZALTENANGO S.A.","21 AV 7-96 ZONA 3 FRENTE DE XELA CENTER, PLAZA REAL","22933204","","KARLA RODAS","0","1","1","1","CAP","2"
"XCO-1248","IMEXSA","1A CALLE 8-97 ZONA 8 MIXCO RESIDENCIALES LAS ORQUIDEAS","2319-1400","","JOSE FRANCISCO PORRAS","0","1","1","1","CAP","2"
"VD2-1249","IMEXSA","1A CALLE 8-97 ZONA 8 MIXCO, RESIDENCIALES LAS ORQUIDEAS","23191400","","JOSE FRANCISCO PORRAS","0","3","1","1","CAP","2"
"PRE-1250","PUBLICIDAD Y TROFEOS S.A.","9AV 6-46 ZONA 11 COLONIA ROOSEVELT","24753089 / 24753090","","SAMUEL CASTILLO","0","4","1","1","CAP","2"
"XCO-1251","NEUMATICOS Y TRANSPORTES (NEUTRA) S.A.","18 CALLE 17-70 ZONA 12, GUATEMALA, GUATEMALA","51682440","","N/A","0","1","1","1","CAP","4"
"XCO-1252","DISTRIBUIDORA LA BENDICIËN","2C 1-25 ZONA 2 BARRIO EL JARDIN COATEPEQUE QUETZALTENANGO","5529-3819","","MYNOR REYES","0","1","1","1","CAP","1"
"CON-1253","DISTRIBUIDORA LA BENDICIËN","2C 1-25 ZONA 2 BARRIO EL JARD═N COATEPEQUE QUETZALTENANGO","55293819","","MYNOR REYES","0","2","1","1","CAP","1"
"XCO-1254","INVERSIONES J & V","0 CALLE 15-06 ZONA 4 VILLA NUEVA OFI. METROBODEGAS BOD 14","55743914","","ALEXANDER JIMENEZ","0","1","1","1","CAP","3"
"VD3-1255","IMPORTADORA LUBRITECH, S.A.","4TA AV. 15-73 ZONA 10, EDIFICIO CL═NICAS M╔DICAS OFICINA 1200","2300-1000/5402-2235","","N/A","0","3","1","1","CAP","1"
"PRE-1256","DISAVET","CALLE REAL PETAPA 17-6 ZONA 10 SAN MIGUEL PETAPA OFIBODEGA SAN DIEGO #41","4168-1342","","MAYRA XINICO","0","4","1","1","CAP","2"
"xco-1257","BOUTQUE EG","PRADOS COATEPEQUE","42219266","","42219266","0","1","1","1","CAP","1"
"XCO-1258","DUROPORT LUX","15 CALLE A 1-32 ZONA 1","45887609 / 56167924","","N/A","0","1","1","1","CAP","1"
"XCO-1260","MULTISA S.A.","KM 162 RUTA DE JUT-04,  AGUA BLANCA JUTIAPA","4297-2490","","WILMER BARILLAS","0","1","1","1","CAP","2"
"CON-1261","MULTISA S.A.","KILOMETRO 162 RUTA DE JUT-04 AGUA BLANCA JUTIAPA","42972490","","WILMER BARILLAS","0","2","1","1","CAP","2"
"XCO-1259","IMPORTADORA EBEN-EZER","AV. BOLIVAR 1┐20-75 ZONA 1 GUATEMALA","2220-7477/5196-5538","","5196-5538","0","1","1","1","CAP","3"
"XCO-1262","IMPORTADORA JENSA","3RA CALLE BARRIO BELLA VISTA CHAMPERICO RETALHULEU","5877-8497","","529624869282","0","1","1","1","CAP","1"
"VD3-1263","CORPORACION MERKELL","6 CALLE A 16-47 ZONA 8 BALCONES DE SAN CRITOBAL SECTOR VISTA AL VALLE ORIEN","22124921 / 22150220","","JUAN CARLOS GOMEZ","0","3","1","1","CAP","1"
"VD2-1264","DROGUER═A JC","CALZADA CONCEPCION 5-26 OFIBODEGAS PLAZA VILLA NUEVA ZONA 6 BODEGA 5","3996-3853","","SARA═ CORTEZ","0","3","1","1","CAP","2"
"VD2-1265","MULTISA S.A","RD JUT-04, AGUA BLANCA JALAPA","42972490","","WILMER BARILLAS","0","3","1","1","CAP","2"
"PRE-1266","OUTLETS SHEIN","BARRIO LA REFORMA MONJAS JALAPA FRENTE AL CAMPO DE FUTBOL","57490380","","57490380","0","4","1","1","CAP","3"
"XCO-1267","ALVASA","CALZADA AGUILAR BATRES 45-54, OFICINAS EMPRESARIALES MONTE MAR═A, ZONA 11","4823-0968 / 5555-4179","","5555-4179","0","1","1","1","CAP","2"
"XCO-1268","IMPORTADORA MANDARINA S.A.","46 CALLE 17-00 Z.12 CAPITAL","3800-3049","","5698-4946","0","1","1","1","CAP","2"
"XCO-1269","COMERCIALIZDORA DECORATIVA S.A.","CALLE REAL 17-60 ZOONA 10 BODEGA 6 OFIBODEGAS SAN DIEGO VILLA NUEVA","30044690","","N/A","0","1","1","1","CAP","2"
"GUA-9000","PELUQUERIA OTTO","CIUDAD","12345678","","OTTO GONZALEZ","0","3","1","1","CAP","1"
"GUA-8570","IMPORTADORA FIESTA Y CIA LTDA","2 CALLE 37-71  ZONA  11  COLONIA TOLEDO GUATEMALA","2509-3741","","ROLANDO  CASTRO","0","3","1","1","CAP","3"
"XCO-8571","IMPORTADORA FIESTA Y CIA LTDA","2 CALLE 37-71 ZONA 11  COLONIA TOLEDO GUATEMALA","2509-3741","","N/A","0","1","1","1","CAP","3"
"VD3-1270","AIM DIGITAL DE GUATEMALA","KM 21.5 CARR. A EL SALVADOR, RESIDENCIAL LAS CUMBRES DE LA ARBOLEDA, LOTE 1","4479-3488/3995-1407","","3995-1407 REBECA CRISTALES","0","3","1","1","CAP","1"
"XCO-1271","AIM DIGITAL DE GUATEMALA","KM 21.52 CARR AL SALVADOR RESIDENCIAL LAS CUMBRES DE LA ARBOLEDA, LOT. 12 M","44793488","","39951407 / REBECA CRISTALES","0","1","1","1","CAP","1"
"XCO-1272","CORPORACIËN LA CONQUISTA S.A.","25 AV 5-30 ZONA 18 COMPLEJO INDUSTRIAL LA MODENA BODEGA B14","51193928","","54713094","0","1","1","1","CAP","2"
"XCO-1273","TECNO MASTER","25AV 5-30 ZONA 18 OFIBODEGAS LA MODENA BOD 11413","23293300","","LORSY LARIOS","0","1","1","1","CAP","2"
"VD3-1274","DROGER═A AVANCOS MEDICOS SOCIEDAD ANONIMA","15.5 RUTA INTERAMERICANA PLAZA NIXKAB BODEGA #1, ZONA 2 MIXCO","57151516","","N/A","0","3","1","1","CAP","1"
"XCO-1275","GRUPO MODEL S.A.","2DA AV 19-49 ZONA 1,GUATEMALA","40209422","","32672248","0","1","1","1","CAP","3"
"PRE-1276","KATHERYNE GARC═A","COLONIA 15 DE SEPTIEMBRE, JALAPAá","47925786","","47925786","0","4","1","1","CAP","3"
"VD3-1277","HBSCS S.A.","27AV Y 9 CALLE 25-26 COLONIA EL NARANJO ZONA 4 MIXCO","76000500","","30176811/76000500","0","3","1","1","CAP","1"
"VD2-1278","DISTRIBUIDORA BELLA PARIS","SECTOR PALMERAS EJE 3, CASA 16 PLANES DE BARCENAS ZONA 3 VILLA NUEVA","52942500","","MARIA FERNANDA CRUZ 30594029","0","3","1","1","CAP","2"
"XCO-1279","REPUESTOS ANDRADE","ALDEA ACEQUIA, JUTIAPA","5999-3777","","5999-3777","0","1","1","1","CAP","3"
"XCO-1291","FLEXPACK GUATEMALA S.A.","28 CALLE 11-82 ZONA 13 COLONIA SANTA FE","23128890","","MARISSA BARRIOS","0","1","1","1","CAP","2"
"VD3-1281","PESADOS DEL PACIFICO GUATEMALA, S.A.","18 CALLE 16-60 ZONA 11, GUATEMALA","53009057","","WALESKA MARROQUIN","0","3","1","1","CAP","1"
"VD2-1282","UNO GUATEMALA S.A.","12 CALE 0-71 ZONA 9","59225807/22851400","","GENARO CASTILLO 59225807","0","3","1","1","CAP","2"
"XCO-1283","UNO GUATEMALA S.A.","12 CALLE 0-71 ZONA 9","59225807/22851400","","GENARO CASTILLO 59225807","0","1","1","1","CAP","2"
"VD3-1284","MHR TOOLS - LA TIENDA OFICIAL DE LOS MECANICOS","4 CALLE 5-31 ZONA 9 GUATEMALA","22984955","","WENDY CORONADO 53506771","0","3","1","1","CAP","1"
"VD2-1285","INDUPARTS S.A.","CALZADA AGUILAR BATRES 45-32 ZONA 11 VILLA NUEVA GUATEMALA","24238400","","24238400","0","3","1","1","CAP","2"
"CON-1286","SUPLICENTRO / PLASTICENTRO S.A.","CALZADA AGUILAR BATRES 36-70 ZONA 11","23291800/23291801","","23291800","0","2","1","1","CAP","4"
"VD2-1287","SUPLIDORA HOSPITALARIA","AV PETAPA 42-95 ZONA 12, EMPRESARIAL PETAPA BO 8A. CIUDAD","24767555/24793465","","LEIDY CASTILLO","0","3","1","1","CAP","2"
"PRE-1280","VENTAS Y NEGOCIOS WENDOLI","6AV 25-63 ZONA 12 COL LA REFORMITA, CIUDAD","5499-5902/2476-4431","","N/A","0","4","1","1","CAP","2"
"VD2-1288","HIDRICA","4 AVENIDA A 12-46 ZONA 9","22984990","","N/A","0","3","1","1","CAP","2"
"XCO-1289","MUEBLES CALEB","SAN JUAN SACATEPEQUEZ CASERIO PACAJAY","53876649","","DANIEL HERNANDEZ PINEDA","0","1","1","1","CAP","2"
"VD2-1290","DIDECONSA S.A.","13 AVENIDA 18-58 ZONA 10","30530884","","30729319","0","3","1","1","CAP","2"
"XCO-1292","RHINOLLANTAS","14 AC 10-44 ZONA 11","58504175","","JUAN CARLS LUX YAT","0","1","1","1","CAP","2"
"CON-1293","RHINOLLANTAS","10 AV 10-44 ZONA 11","58504175","","JUAN CARLOS LUX YAT","0","2","1","1","CAP","2"
"XCO-1294","SUPLIDORA HOSPITALARIA","AV PETAPA 42-95 ZONA 12, EMPRESARIAL PETAPA BO 8A. CIUDAD","24767555/24793465","","N/A","0","1","1","1","CAP","2"
"VD3-1295","TRECA","KM. 33 CARRETERA A EL SALVADOR, OFINDUSTRIAS EL ALTO BODEGA 9","3071 8652","","N/A","0","3","1","1","CAP","1"
"XCO-1296","DISTRIBUIDORA PORTILLO","BARRIO LA ESCUELA SAN JUAN ERMITA","30441091","","N/A","0","1","1","1","CAP","4"
"XCO-1297","HG AUTOPARTES","3 CALLE -34 ZONA 3 SAN PEDRO SACATEPEQUEZ SAN MARCOS","77679522","","N/A","0","1","1","1","CAP","2"
"XCO-1298","HG AUTOPARTES","7 CALLE 7-11 ZONA 2 SAN PEDRO SACATEPEQUEZ SAN MARCOS","77679522","","N/A","0","1","1","1","CAP","2"
"XCO-1299","HG AUTOPARTES","3 CALLE 3-34 ZONA 3 SAN PEDRO SACATPEEQUZ SAN MARCOS","77679522","","N/A","0","1","1","1","CAP","2"
"XCO-1300","EL CONTENEDOR GT S.A.","3AV 13-74 ZONA 3 MIXCO COL. EL ROSARIO BODEGA 3","22991500","","ALINA MIRELLA GRAJEDA HERNANDEZ Y/O NATALI MANSILL","0","1","1","1","CAP","2"
"XCO-1301","COMERCIAL EL MAYOREO BARBERENA","KM 58.1 LIBRAMIENTO BARBERENA ALDEA UTZUMAZATE BARBERENA SANTA ROSA","49354426","","JOEL WAY","0","1","1","1","CAP","2"
"XCO-1302","COMERCIAL EL MAYOREO MAZATE","KM 165.5 SALIDA A CUYOTENANGO ZONA 0 OFIBIDEGA LOCAL 15 MAZATENANGO","30773446","","PAULO CERSAR GOMEZ DARDËN","0","1","1","1","CAP","2"
"XCO-1303","COMERCIAL EL MAYOREO CHIQUIMULA","2 CALLE A 8042 2-01 ZONA 1 CHIQUIMULA","30763065","","OBER JESUALDO ALDANA CERVANTES","0","1","1","1","CAP","2"
"CON-1304","EMPRESAS ASLAN S.A.","8VA CALLE 6-21 ZONA 4 GUATEMALA, GUATEMALA","22567890","","55553589","0","2","1","1","CAP","2"
"VD3-1305","COMPAÐIA COMERCIAL LIBRA S.A.","21AV 31-75 ZONA 5","23859248","","CARLOS CHAMALE","0","3","1","1","CAP","1"
"PRE-1307","PRODUCTOS SALUDABLES NOVALIFE","17AV 12-59 ZONA 1 COLOINA MIRAFLORES GUATEMALA","4854-6060/49296161","","N/A","0","4","1","1","CAP","2"
"XCO-1308","PRODUCTOS SALUDABLES NOVALIFE","CIUDAD","48546060/49296161","","17AV 12-59 ZONA 11 COLONIA MIRAFLORES GUATEMALA","0","1","1","1","CAP","2"
"VD3-1309","FERRETERIA INDUSTRIAL GUATEMALTECA S.A.","35 AV 4-19 ZONA 4 MIXCO BOQUE S.N.","23947501/31087622","","ARIEL SOTO","0","3","1","1","CAP","1"
"XCO-1310","LA ASUNCION DE MARIA","8A CALLE 8-50 ZONA 1 EDIFICIO MAGNO LOCAL 3","22210184","","N/A","0","1","1","1","CAP","4"
"XCO-1311","LOS CUCHUMATANES","CIUDAD","49342436","","N/A","0","1","1","1","CAP","4"
"VD2-1312","EMPRESAS ASLAN S.A.","8VA CALLE 6-21 ZONA 4 GUATEMALA","22567891/55553589","","N/A","0","3","1","1","CAP","2"
